Workbook

Sheet JOBCARD
A1: PROJECT NAME:
A2: DATE: | C2: =TODAY() -> 46087
A3: GLASS SPECIFICATION: | C3: 6.38MM GREY TINTED LAMINATED GLASS
A5: GLASS CUTTING JOBCARD [CUT FROM OFFCUTS ONLY]
A6: Seq | B6: LABEL | C6: W (mm) | D6: H (mm) | E6: RotOK | F6: OFFCUT AVAILABLE? | G6: QUALIFIES | H6: QUAL RUN
A7: 1 | B7: window 1 | C7: 1200 | D7: 1000 | E7: Y | F7: =IF(OR($C$3="",C7="",D7=""),"",IF(G7=0,"NO",IF(H7<=SUMPRODUCT(('GLASS OFFCUTS LIST'!$D$2:$D$298=UPPER(TRIM(SUBSTITUTE(SUBSTITUTE($C$3," "," ")," "," "))))*((('GLASS OFFCUTS LIST'!$A$2:$A$298>=C7)*('GLASS OFFCUTS LIST'!$B$2:$B$298>=D7))+(N(OR(E7=TRUE(),E7="Y",E7="y",E7="YES",E7="Yes"))*(('GLASS OFFCUTS LIST'!$A$2:$A$298>=D7)*('GLASS OFFCUTS LIST'!$B$2:$B$298>=C7)))>0)),"YES","NO"))) -> NO | G7: =IF(OR($C$3="",C7="",D7=""),"",IF(SUMPRODUCT(('GLASS OFFCUTS LIST'!$D$2:$D$298=UPPER(TRIM(SUBSTITUTE(SUBSTITUTE($C$3," "," ")," "," "))))*((('GLASS OFFCUTS LIST'!$A$2:$A$298>=C7)*('GLASS OFFCUTS LIST'!$B$2:$B$298>=D7))+(N(OR(E7=TRUE(),E7="Y",E7="y",E7="YES",E7="Yes"))*(('GLASS OFFCUTS LIST'!$A$2:$A$298>=D7)*('GLASS OFFCUTS LIST'!$B$2:$B$298>=C7)))>0))>0,1,0)) -> 0 | H7: =IF(G7="","",SUM($G$7:G7)) -> 0
A8: 2 | C8: 500 | D8: 1200 | E8: Y | F8: =IF(OR($C$3="",C8="",D8=""),"",IF(G8=0,"NO",IF(H8<=SUMPRODUCT(('GLASS OFFCUTS LIST'!$D$2:$D$298=UPPER(TRIM(SUBSTITUTE(SUBSTITUTE($C$3," "," ")," "," "))))*((('GLASS OFFCUTS LIST'!$A$2:$A$298>=C8)*('GLASS OFFCUTS LIST'!$B$2:$B$298>=D8))+(N(OR(E8=TRUE(),E8="Y",E8="y",E8="YES",E8="Yes"))*(('GLASS OFFCUTS LIST'!$A$2:$A$298>=D8)*('GLASS OFFCUTS LIST'!$B$2:$B$298>=C8)))>0)),"YES","NO"))) -> NO | G8: =IF(OR($C$3="",C8="",D8=""),"",IF(SUMPRODUCT(('GLASS OFFCUTS LIST'!$D$2:$D$298=UPPER(TRIM(SUBSTITUTE(SUBSTITUTE($C$3," "," ")," "," "))))*((('GLASS OFFCUTS LIST'!$A$2:$A$298>=C8)*('GLASS OFFCUTS LIST'!$B$2:$B$298>=D8))+(N(OR(E8=TRUE(),E8="Y",E8="y",E8="YES",E8="Yes"))*(('GLASS OFFCUTS LIST'!$A$2:$A$298>=D8)*('GLASS OFFCUTS LIST'!$B$2:$B$298>=C8)))>0))>0,1,0)) -> 0 | H8: =IF(G8="","",SUM($G$7:G8)) -> 0
A9: 3 | C9: 875 | D9: 480 | E9: Y | F9: =IF(OR($C$3="",C9="",D9=""),"",IF(G9=0,"NO",IF(H9<=SUMPRODUCT(('GLASS OFFCUTS LIST'!$D$2:$D$298=UPPER(TRIM(SUBSTITUTE(SUBSTITUTE($C$3," "," ")," "," "))))*((('GLASS OFFCUTS LIST'!$A$2:$A$298>=C9)*('GLASS OFFCUTS LIST'!$B$2:$B$298>=D9))+(N(OR(E9=TRUE(),E9="Y",E9="y",E9="YES",E9="Yes"))*(('GLASS OFFCUTS LIST'!$A$2:$A$298>=D9)*('GLASS OFFCUTS LIST'!$B$2:$B$298>=C9)))>0)),"YES","NO"))) -> YES | G9: =IF(OR($C$3="",C9="",D9=""),"",IF(SUMPRODUCT(('GLASS OFFCUTS LIST'!$D$2:$D$298=UPPER(TRIM(SUBSTITUTE(SUBSTITUTE($C$3," "," ")," "," "))))*((('GLASS OFFCUTS LIST'!$A$2:$A$298>=C9)*('GLASS OFFCUTS LIST'!$B$2:$B$298>=D9))+(N(OR(E9=TRUE(),E9="Y",E9="y",E9="YES",E9="Yes"))*(('GLASS OFFCUTS LIST'!$A$2:$A$298>=D9)*('GLASS OFFCUTS LIST'!$B$2:$B$298>=C9)))>0))>0,1,0)) -> 1 | H9: =IF(G9="","",SUM($G$7:G9)) -> 1
A10: 4 | C10: 890 | D10: 1990 | E10: Y | F10: =IF(OR($C$3="",C10="",D10=""),"",IF(G10=0,"NO",IF(H10<=SUMPRODUCT(('GLASS OFFCUTS LIST'!$D$2:$D$298=UPPER(TRIM(SUBSTITUTE(SUBSTITUTE($C$3," "," ")," "," "))))*((('GLASS OFFCUTS LIST'!$A$2:$A$298>=C10)*('GLASS OFFCUTS LIST'!$B$2:$B$298>=D10))+(N(OR(E10=TRUE(),E10="Y",E10="y",E10="YES",E10="Yes"))*(('GLASS OFFCUTS LIST'!$A$2:$A$298>=D10)*('GLASS OFFCUTS LIST'!$B$2:$B$298>=C10)))>0)),"YES","NO"))) -> NO | G10: =IF(OR($C$3="",C10="",D10=""),"",IF(SUMPRODUCT(('GLASS OFFCUTS LIST'!$D$2:$D$298=UPPER(TRIM(SUBSTITUTE(SUBSTITUTE($C$3," "," ")," "," "))))*((('GLASS OFFCUTS LIST'!$A$2:$A$298>=C10)*('GLASS OFFCUTS LIST'!$B$2:$B$298>=D10))+(N(OR(E10=TRUE(),E10="Y",E10="y",E10="YES",E10="Yes"))*(('GLASS OFFCUTS LIST'!$A$2:$A$298>=D10)*('GLASS OFFCUTS LIST'!$B$2:$B$298>=C10)))>0))>0,1,0)) -> 0 | H10: =IF(G10="","",SUM($G$7:G10)) -> 1
A11: 5 | F11: =IF(OR($C$3="",C11="",D11=""),"",IF(G11=0,"NO",IF(H11<=SUMPRODUCT(('GLASS OFFCUTS LIST'!$D$2:$D$298=UPPER(TRIM(SUBSTITUTE(SUBSTITUTE($C$3," "," ")," "," "))))*((('GLASS OFFCUTS LIST'!$A$2:$A$298>=C11)*('GLASS OFFCUTS LIST'!$B$2:$B$298>=D11))+(N(OR(E11=TRUE(),E11="Y",E11="y",E11="YES",E11="Yes"))*(('GLASS OFFCUTS LIST'!$A$2:$A$298>=D11)*('GLASS OFFCUTS LIST'!$B$2:$B$298>=C11)))>0)),"YES","NO"))) | G11: =IF(OR($C$3="",C11="",D11=""),"",IF(SUMPRODUCT(('GLASS OFFCUTS LIST'!$D$2:$D$298=UPPER(TRIM(SUBSTITUTE(SUBSTITUTE($C$3," "," ")," "," "))))*((('GLASS OFFCUTS LIST'!$A$2:$A$298>=C11)*('GLASS OFFCUTS LIST'!$B$2:$B$298>=D11))+(N(OR(E11=TRUE(),E11="Y",E11="y",E11="YES",E11="Yes"))*(('GLASS OFFCUTS LIST'!$A$2:$A$298>=D11)*('GLASS OFFCUTS LIST'!$B$2:$B$298>=C11)))>0))>0,1,0)) | H11: =IF(G11="","",SUM($G$7:G11))
A12: 6 | F12: =IF(OR($C$3="",C12="",D12=""),"",IF(G12=0,"NO",IF(H12<=SUMPRODUCT(('GLASS OFFCUTS LIST'!$D$2:$D$298=UPPER(TRIM(SUBSTITUTE(SUBSTITUTE($C$3," "," ")," "," "))))*((('GLASS OFFCUTS LIST'!$A$2:$A$298>=C12)*('GLASS OFFCUTS LIST'!$B$2:$B$298>=D12))+(N(OR(E12=TRUE(),E12="Y",E12="y",E12="YES",E12="Yes"))*(('GLASS OFFCUTS LIST'!$A$2:$A$298>=D12)*('GLASS OFFCUTS LIST'!$B$2:$B$298>=C12)))>0)),"YES","NO"))) | G12: =IF(OR($C$3="",C12="",D12=""),"",IF(SUMPRODUCT(('GLASS OFFCUTS LIST'!$D$2:$D$298=UPPER(TRIM(SUBSTITUTE(SUBSTITUTE($C$3," "," ")," "," "))))*((('GLASS OFFCUTS LIST'!$A$2:$A$298>=C12)*('GLASS OFFCUTS LIST'!$B$2:$B$298>=D12))+(N(OR(E12=TRUE(),E12="Y",E12="y",E12="YES",E12="Yes"))*(('GLASS OFFCUTS LIST'!$A$2:$A$298>=D12)*('GLASS OFFCUTS LIST'!$B$2:$B$298>=C12)))>0))>0,1,0)) | H12: =IF(G12="","",SUM($G$7:G12))
A13: 7 | F13: =IF(OR($C$3="",C13="",D13=""),"",IF(G13=0,"NO",IF(H13<=SUMPRODUCT(('GLASS OFFCUTS LIST'!$D$2:$D$298=UPPER(TRIM(SUBSTITUTE(SUBSTITUTE($C$3," "," ")," "," "))))*((('GLASS OFFCUTS LIST'!$A$2:$A$298>=C13)*('GLASS OFFCUTS LIST'!$B$2:$B$298>=D13))+(N(OR(E13=TRUE(),E13="Y",E13="y",E13="YES",E13="Yes"))*(('GLASS OFFCUTS LIST'!$A$2:$A$298>=D13)*('GLASS OFFCUTS LIST'!$B$2:$B$298>=C13)))>0)),"YES","NO"))) | G13: =IF(OR($C$3="",C13="",D13=""),"",IF(SUMPRODUCT(('GLASS OFFCUTS LIST'!$D$2:$D$298=UPPER(TRIM(SUBSTITUTE(SUBSTITUTE($C$3," "," ")," "," "))))*((('GLASS OFFCUTS LIST'!$A$2:$A$298>=C13)*('GLASS OFFCUTS LIST'!$B$2:$B$298>=D13))+(N(OR(E13=TRUE(),E13="Y",E13="y",E13="YES",E13="Yes"))*(('GLASS OFFCUTS LIST'!$A$2:$A$298>=D13)*('GLASS OFFCUTS LIST'!$B$2:$B$298>=C13)))>0))>0,1,0)) | H13: =IF(G13="","",SUM($G$7:G13))
A14: 8 | F14: =IF(OR($C$3="",C14="",D14=""),"",IF(G14=0,"NO",IF(H14<=SUMPRODUCT(('GLASS OFFCUTS LIST'!$D$2:$D$298=UPPER(TRIM(SUBSTITUTE(SUBSTITUTE($C$3," "," ")," "," "))))*((('GLASS OFFCUTS LIST'!$A$2:$A$298>=C14)*('GLASS OFFCUTS LIST'!$B$2:$B$298>=D14))+(N(OR(E14=TRUE(),E14="Y",E14="y",E14="YES",E14="Yes"))*(('GLASS OFFCUTS LIST'!$A$2:$A$298>=D14)*('GLASS OFFCUTS LIST'!$B$2:$B$298>=C14)))>0)),"YES","NO"))) | G14: =IF(OR($C$3="",C14="",D14=""),"",IF(SUMPRODUCT(('GLASS OFFCUTS LIST'!$D$2:$D$298=UPPER(TRIM(SUBSTITUTE(SUBSTITUTE($C$3," "," ")," "," "))))*((('GLASS OFFCUTS LIST'!$A$2:$A$298>=C14)*('GLASS OFFCUTS LIST'!$B$2:$B$298>=D14))+(N(OR(E14=TRUE(),E14="Y",E14="y",E14="YES",E14="Yes"))*(('GLASS OFFCUTS LIST'!$A$2:$A$298>=D14)*('GLASS OFFCUTS LIST'!$B$2:$B$298>=C14)))>0))>0,1,0)) | H14: =IF(G14="","",SUM($G$7:G14))
A15: 9 | F15: =IF(OR($C$3="",C15="",D15=""),"",IF(G15=0,"NO",IF(H15<=SUMPRODUCT(('GLASS OFFCUTS LIST'!$D$2:$D$298=UPPER(TRIM(SUBSTITUTE(SUBSTITUTE($C$3," "," ")," "," "))))*((('GLASS OFFCUTS LIST'!$A$2:$A$298>=C15)*('GLASS OFFCUTS LIST'!$B$2:$B$298>=D15))+(N(OR(E15=TRUE(),E15="Y",E15="y",E15="YES",E15="Yes"))*(('GLASS OFFCUTS LIST'!$A$2:$A$298>=D15)*('GLASS OFFCUTS LIST'!$B$2:$B$298>=C15)))>0)),"YES","NO"))) | G15: =IF(OR($C$3="",C15="",D15=""),"",IF(SUMPRODUCT(('GLASS OFFCUTS LIST'!$D$2:$D$298=UPPER(TRIM(SUBSTITUTE(SUBSTITUTE($C$3," "," ")," "," "))))*((('GLASS OFFCUTS LIST'!$A$2:$A$298>=C15)*('GLASS OFFCUTS LIST'!$B$2:$B$298>=D15))+(N(OR(E15=TRUE(),E15="Y",E15="y",E15="YES",E15="Yes"))*(('GLASS OFFCUTS LIST'!$A$2:$A$298>=D15)*('GLASS OFFCUTS LIST'!$B$2:$B$298>=C15)))>0))>0,1,0)) | H15: =IF(G15="","",SUM($G$7:G15))
A16: 10 | F16: =IF(OR($C$3="",C16="",D16=""),"",IF(G16=0,"NO",IF(H16<=SUMPRODUCT(('GLASS OFFCUTS LIST'!$D$2:$D$298=UPPER(TRIM(SUBSTITUTE(SUBSTITUTE($C$3," "," ")," "," "))))*((('GLASS OFFCUTS LIST'!$A$2:$A$298>=C16)*('GLASS OFFCUTS LIST'!$B$2:$B$298>=D16))+(N(OR(E16=TRUE(),E16="Y",E16="y",E16="YES",E16="Yes"))*(('GLASS OFFCUTS LIST'!$A$2:$A$298>=D16)*('GLASS OFFCUTS LIST'!$B$2:$B$298>=C16)))>0)),"YES","NO"))) | G16: =IF(OR($C$3="",C16="",D16=""),"",IF(SUMPRODUCT(('GLASS OFFCUTS LIST'!$D$2:$D$298=UPPER(TRIM(SUBSTITUTE(SUBSTITUTE($C$3," "," ")," "," "))))*((('GLASS OFFCUTS LIST'!$A$2:$A$298>=C16)*('GLASS OFFCUTS LIST'!$B$2:$B$298>=D16))+(N(OR(E16=TRUE(),E16="Y",E16="y",E16="YES",E16="Yes"))*(('GLASS OFFCUTS LIST'!$A$2:$A$298>=D16)*('GLASS OFFCUTS LIST'!$B$2:$B$298>=C16)))>0))>0,1,0)) | H16: =IF(G16="","",SUM($G$7:G16))
A17: 11 | F17: =IF(OR($C$3="",C17="",D17=""),"",IF(G17=0,"NO",IF(H17<=SUMPRODUCT(('GLASS OFFCUTS LIST'!$D$2:$D$298=UPPER(TRIM(SUBSTITUTE(SUBSTITUTE($C$3," "," ")," "," "))))*((('GLASS OFFCUTS LIST'!$A$2:$A$298>=C17)*('GLASS OFFCUTS LIST'!$B$2:$B$298>=D17))+(N(OR(E17=TRUE(),E17="Y",E17="y",E17="YES",E17="Yes"))*(('GLASS OFFCUTS LIST'!$A$2:$A$298>=D17)*('GLASS OFFCUTS LIST'!$B$2:$B$298>=C17)))>0)),"YES","NO"))) | G17: =IF(OR($C$3="",C17="",D17=""),"",IF(SUMPRODUCT(('GLASS OFFCUTS LIST'!$D$2:$D$298=UPPER(TRIM(SUBSTITUTE(SUBSTITUTE($C$3," "," ")," "," "))))*((('GLASS OFFCUTS LIST'!$A$2:$A$298>=C17)*('GLASS OFFCUTS LIST'!$B$2:$B$298>=D17))+(N(OR(E17=TRUE(),E17="Y",E17="y",E17="YES",E17="Yes"))*(('GLASS OFFCUTS LIST'!$A$2:$A$298>=D17)*('GLASS OFFCUTS LIST'!$B$2:$B$298>=C17)))>0))>0,1,0)) | H17: =IF(G17="","",SUM($G$7:G17))
A18: 12 | F18: =IF(OR($C$3="",C18="",D18=""),"",IF(G18=0,"NO",IF(H18<=SUMPRODUCT(('GLASS OFFCUTS LIST'!$D$2:$D$298=UPPER(TRIM(SUBSTITUTE(SUBSTITUTE($C$3," "," ")," "," "))))*((('GLASS OFFCUTS LIST'!$A$2:$A$298>=C18)*('GLASS OFFCUTS LIST'!$B$2:$B$298>=D18))+(N(OR(E18=TRUE(),E18="Y",E18="y",E18="YES",E18="Yes"))*(('GLASS OFFCUTS LIST'!$A$2:$A$298>=D18)*('GLASS OFFCUTS LIST'!$B$2:$B$298>=C18)))>0)),"YES","NO"))) | G18: =IF(OR($C$3="",C18="",D18=""),"",IF(SUMPRODUCT(('GLASS OFFCUTS LIST'!$D$2:$D$298=UPPER(TRIM(SUBSTITUTE(SUBSTITUTE($C$3," "," ")," "," "))))*((('GLASS OFFCUTS LIST'!$A$2:$A$298>=C18)*('GLASS OFFCUTS LIST'!$B$2:$B$298>=D18))+(N(OR(E18=TRUE(),E18="Y",E18="y",E18="YES",E18="Yes"))*(('GLASS OFFCUTS LIST'!$A$2:$A$298>=D18)*('GLASS OFFCUTS LIST'!$B$2:$B$298>=C18)))>0))>0,1,0)) | H18: =IF(G18="","",SUM($G$7:G18))
A19: 13 | F19: =IF(OR($C$3="",C19="",D19=""),"",IF(G19=0,"NO",IF(H19<=SUMPRODUCT(('GLASS OFFCUTS LIST'!$D$2:$D$298=UPPER(TRIM(SUBSTITUTE(SUBSTITUTE($C$3," "," ")," "," "))))*((('GLASS OFFCUTS LIST'!$A$2:$A$298>=C19)*('GLASS OFFCUTS LIST'!$B$2:$B$298>=D19))+(N(OR(E19=TRUE(),E19="Y",E19="y",E19="YES",E19="Yes"))*(('GLASS OFFCUTS LIST'!$A$2:$A$298>=D19)*('GLASS OFFCUTS LIST'!$B$2:$B$298>=C19)))>0)),"YES","NO"))) | G19: =IF(OR($C$3="",C19="",D19=""),"",IF(SUMPRODUCT(('GLASS OFFCUTS LIST'!$D$2:$D$298=UPPER(TRIM(SUBSTITUTE(SUBSTITUTE($C$3," "," ")," "," "))))*((('GLASS OFFCUTS LIST'!$A$2:$A$298>=C19)*('GLASS OFFCUTS LIST'!$B$2:$B$298>=D19))+(N(OR(E19=TRUE(),E19="Y",E19="y",E19="YES",E19="Yes"))*(('GLASS OFFCUTS LIST'!$A$2:$A$298>=D19)*('GLASS OFFCUTS LIST'!$B$2:$B$298>=C19)))>0))>0,1,0)) | H19: =IF(G19="","",SUM($G$7:G19))
A20: 14 | F20: =IF(OR($C$3="",C20="",D20=""),"",IF(G20=0,"NO",IF(H20<=SUMPRODUCT(('GLASS OFFCUTS LIST'!$D$2:$D$298=UPPER(TRIM(SUBSTITUTE(SUBSTITUTE($C$3," "," ")," "," "))))*((('GLASS OFFCUTS LIST'!$A$2:$A$298>=C20)*('GLASS OFFCUTS LIST'!$B$2:$B$298>=D20))+(N(OR(E20=TRUE(),E20="Y",E20="y",E20="YES",E20="Yes"))*(('GLASS OFFCUTS LIST'!$A$2:$A$298>=D20)*('GLASS OFFCUTS LIST'!$B$2:$B$298>=C20)))>0)),"YES","NO"))) | G20: =IF(OR($C$3="",C20="",D20=""),"",IF(SUMPRODUCT(('GLASS OFFCUTS LIST'!$D$2:$D$298=UPPER(TRIM(SUBSTITUTE(SUBSTITUTE($C$3," "," ")," "," "))))*((('GLASS OFFCUTS LIST'!$A$2:$A$298>=C20)*('GLASS OFFCUTS LIST'!$B$2:$B$298>=D20))+(N(OR(E20=TRUE(),E20="Y",E20="y",E20="YES",E20="Yes"))*(('GLASS OFFCUTS LIST'!$A$2:$A$298>=D20)*('GLASS OFFCUTS LIST'!$B$2:$B$298>=C20)))>0))>0,1,0)) | H20: =IF(G20="","",SUM($G$7:G20))
A21: 15 | F21: =IF(OR($C$3="",C21="",D21=""),"",IF(G21=0,"NO",IF(H21<=SUMPRODUCT(('GLASS OFFCUTS LIST'!$D$2:$D$298=UPPER(TRIM(SUBSTITUTE(SUBSTITUTE($C$3," "," ")," "," "))))*((('GLASS OFFCUTS LIST'!$A$2:$A$298>=C21)*('GLASS OFFCUTS LIST'!$B$2:$B$298>=D21))+(N(OR(E21=TRUE(),E21="Y",E21="y",E21="YES",E21="Yes"))*(('GLASS OFFCUTS LIST'!$A$2:$A$298>=D21)*('GLASS OFFCUTS LIST'!$B$2:$B$298>=C21)))>0)),"YES","NO"))) | G21: =IF(OR($C$3="",C21="",D21=""),"",IF(SUMPRODUCT(('GLASS OFFCUTS LIST'!$D$2:$D$298=UPPER(TRIM(SUBSTITUTE(SUBSTITUTE($C$3," "," ")," "," "))))*((('GLASS OFFCUTS LIST'!$A$2:$A$298>=C21)*('GLASS OFFCUTS LIST'!$B$2:$B$298>=D21))+(N(OR(E21=TRUE(),E21="Y",E21="y",E21="YES",E21="Yes"))*(('GLASS OFFCUTS LIST'!$A$2:$A$298>=D21)*('GLASS OFFCUTS LIST'!$B$2:$B$298>=C21)))>0))>0,1,0)) | H21: =IF(G21="","",SUM($G$7:G21))
A22: 16 | F22: =IF(OR($C$3="",C22="",D22=""),"",IF(G22=0,"NO",IF(H22<=SUMPRODUCT(('GLASS OFFCUTS LIST'!$D$2:$D$298=UPPER(TRIM(SUBSTITUTE(SUBSTITUTE($C$3," "," ")," "," "))))*((('GLASS OFFCUTS LIST'!$A$2:$A$298>=C22)*('GLASS OFFCUTS LIST'!$B$2:$B$298>=D22))+(N(OR(E22=TRUE(),E22="Y",E22="y",E22="YES",E22="Yes"))*(('GLASS OFFCUTS LIST'!$A$2:$A$298>=D22)*('GLASS OFFCUTS LIST'!$B$2:$B$298>=C22)))>0)),"YES","NO"))) | G22: =IF(OR($C$3="",C22="",D22=""),"",IF(SUMPRODUCT(('GLASS OFFCUTS LIST'!$D$2:$D$298=UPPER(TRIM(SUBSTITUTE(SUBSTITUTE($C$3," "," ")," "," "))))*((('GLASS OFFCUTS LIST'!$A$2:$A$298>=C22)*('GLASS OFFCUTS LIST'!$B$2:$B$298>=D22))+(N(OR(E22=TRUE(),E22="Y",E22="y",E22="YES",E22="Yes"))*(('GLASS OFFCUTS LIST'!$A$2:$A$298>=D22)*('GLASS OFFCUTS LIST'!$B$2:$B$298>=C22)))>0))>0,1,0)) | H22: =IF(G22="","",SUM($G$7:G22))
... A406: 400 | F406: =IF(OR($C$3="",C406="",D406=""),"",IF(G406=0,"NO",IF(H406<=SUMPRODUCT(('GLASS OFFCUTS LIST'!$D$2:$D$298=UPPER(TRIM(SUBSTITUTE(SUBSTITUTE($C$3," "," ")," "," "))))*((('GLASS OFFCUTS LIST'!$A$2:$A$298>=C406)*('GLASS OFFCUTS LIST'!$B$2:$B$298>=D406))+(N(OR(E406=TRUE(),E406="Y",E406="y",E406="YES",E406="Yes"))*(('GLASS OFFCUTS LIST'!$A$2:$A$298>=D406)*('GLASS OFFCUTS LIST'!$B$2:$B$298>=C406)))>0)),"YES","NO"))) | G406: =IF(OR($C$3="",C406="",D406=""),"",IF(SUMPRODUCT(('GLASS OFFCUTS LIST'!$D$2:$D$298=UPPER(TRIM(SUBSTITUTE(SUBSTITUTE($C$3," "," ")," "," "))))*((('GLASS OFFCUTS LIST'!$A$2:$A$298>=C406)*('GLASS OFFCUTS LIST'!$B$2:$B$298>=D406))+(N(OR(E406=TRUE(),E406="Y",E406="y",E406="YES",E406="Yes"))*(('GLASS OFFCUTS LIST'!$A$2:$A$298>=D406)*('GLASS OFFCUTS LIST'!$B$2:$B$298>=C406)))>0))>0,1,0)) | H406: =IF(G406="","",SUM($G$7:G406))
A407: {=IF(INDIRECT("R[-1]C",0)="","",INDIRECT("R[-1]C",0) & " NOS")} -> 400 NOS | F407: =IF(OR($C$3="",C407="",D407=""),"",IF(G407=0,"NO",IF(H407<=SUMPRODUCT(('GLASS OFFCUTS LIST'!$D$2:$D$298=UPPER(TRIM(SUBSTITUTE(SUBSTITUTE($C$3," "," ")," "," "))))*((('GLASS OFFCUTS LIST'!$A$2:$A$298>=C407)*('GLASS OFFCUTS LIST'!$B$2:$B$298>=D407))+(N(OR(E407=TRUE(),E407="Y",E407="y",E407="YES",E407="Yes"))*(('GLASS OFFCUTS LIST'!$A$2:$A$298>=D407)*('GLASS OFFCUTS LIST'!$B$2:$B$298>=C407)))>0)),"YES","NO"))) | G407: =IF(OR($C$3="",C407="",D407=""),"",IF(SUMPRODUCT(('GLASS OFFCUTS LIST'!$D$2:$D$298=UPPER(TRIM(SUBSTITUTE(SUBSTITUTE($C$3," "," ")," "," "))))*((('GLASS OFFCUTS LIST'!$A$2:$A$298>=C407)*('GLASS OFFCUTS LIST'!$B$2:$B$298>=D407))+(N(OR(E407=TRUE(),E407="Y",E407="y",E407="YES",E407="Yes"))*(('GLASS OFFCUTS LIST'!$A$2:$A$298>=D407)*('GLASS OFFCUTS LIST'!$B$2:$B$298>=C407)))>0))>0,1,0)) | H407: =IF(G407="","",SUM($G$7:G407))

Sheet GLASS OFFCUTS LIST
A1: WIDTH (MM) | B1: HEIGHT (MM) | C1: GLASS SPECIFICATIONS | D1: SPEC KEY
A2: 1010 | B2: 1030 | C2: 8.38MM BRONZE TINTED LAMINATED GLASS | D2: =UPPER(TRIM(SUBSTITUTE(SUBSTITUTE(C2," "," ")," "," "))) -> 8.38MM BRONZE TINTED LAMINATED GLASS
A3: 1010 | B3: 1030 | C3: 8.38MM BRONZE TINTED LAMINATED GLASS | D3: =UPPER(TRIM(SUBSTITUTE(SUBSTITUTE(C3," "," ")," "," "))) -> 8.38MM BRONZE TINTED LAMINATED GLASS
A4: 890 | B4: 990 | C4: 8.38MM BRONZE TINTED LAMINATED GLASS | D4: =UPPER(TRIM(SUBSTITUTE(SUBSTITUTE(C4," "," ")," "," "))) -> 8.38MM BRONZE TINTED LAMINATED GLASS
A5: 500 | B5: 2140 | C5: 8.38MM BRONZE TINTED LAMINATED GLASS | D5: =UPPER(TRIM(SUBSTITUTE(SUBSTITUTE(C5," "," ")," "," "))) -> 8.38MM BRONZE TINTED LAMINATED GLASS
A6: 460 | B6: 2140 | C6: 8.38MM BRONZE TINTED LAMINATED GLASS | D6: =UPPER(TRIM(SUBSTITUTE(SUBSTITUTE(C6," "," ")," "," "))) -> 8.38MM BRONZE TINTED LAMINATED GLASS
A7: 400 | B7: 1400 | C7: 8.38MM BRONZE TINTED LAMINATED GLASS | D7: =UPPER(TRIM(SUBSTITUTE(SUBSTITUTE(C7," "," ")," "," "))) -> 8.38MM BRONZE TINTED LAMINATED GLASS
A8: 470 | B8: 1360 | C8: 8.38MM BRONZE TINTED LAMINATED GLASS | D8: =UPPER(TRIM(SUBSTITUTE(SUBSTITUTE(C8," "," ")," "," "))) -> 8.38MM BRONZE TINTED LAMINATED GLASS
A9: 470 | B9: 1360 | C9: 8.38MM BRONZE TINTED LAMINATED GLASS | D9: =UPPER(TRIM(SUBSTITUTE(SUBSTITUTE(C9," "," ")," "," "))) -> 8.38MM BRONZE TINTED LAMINATED GLASS
A10: 470 | B10: 1360 | C10: 8.38MM BRONZE TINTED LAMINATED GLASS | D10: =UPPER(TRIM(SUBSTITUTE(SUBSTITUTE(C10," "," ")," "," "))) -> 8.38MM BRONZE TINTED LAMINATED GLASS
A11: 390 | B11: 1080 | C11: 8.38MM BRONZE TINTED LAMINATED GLASS | D11: =UPPER(TRIM(SUBSTITUTE(SUBSTITUTE(C11," "," ")," "," "))) -> 8.38MM BRONZE TINTED LAMINATED GLASS
A12: 480 | B12: 1360 | C12: 8.38MM BRONZE TINTED LAMINATED GLASS | D12: =UPPER(TRIM(SUBSTITUTE(SUBSTITUTE(C12," "," ")," "," "))) -> 8.38MM BRONZE TINTED LAMINATED GLASS
A13: 755 | B13: 1200 | C13: 8.38MM BRONZE TINTED LAMINATED GLASS | D13: =UPPER(TRIM(SUBSTITUTE(SUBSTITUTE(C13," "," ")," "," "))) -> 8.38MM BRONZE TINTED LAMINATED GLASS
... A298: 525 | B298: 1830 | C298: 8.38MM BLUE TINTED LAMINATED GLASS | D298: =UPPER(TRIM(SUBSTITUTE(SUBSTITUTE(C298," "," ")," "," "))) -> 8.38MM BLUE TINTED LAMINATED GLASS

Sheet GLASS SPECIFICATIONS
A1: GLASS SPECIFICATIONS
A2: 8.38MM CLEAR LAMINATED GLASS | B2: CLEAR
A3: 6.38MM CLEAR LAMINATED GLASS
A4: 8MM CLEAR ORDINARY GLASS
A5: 6.38MM MILKY LAMINATED GLASS | B5: MILKY
A6: 8.38MM BRONZE MILKY LAMINATED GLASS
A7: 8.38MM MILKY LAMINATED GLASS
A8: 5MM BRONZE TINTED ORDINARY GLASS | B8: BRONZE
A9: 6.38MM BRONZE TINTED LAMINATED GLASS
A10: 8.38MM BRONZE TINTED LAMINATED GLASS
A11: 8.38MM BRONZE ONEWAY LAMINATED GLASS
A12: 6.38MM GREY TINTED LAMINATED GLASS | B12: GREY
A13: 8.38MM GREY TINTED LAMINATED GLASS
A14: 8.38MM GREY ONEWAY LAMINATED GLASS
A15: 8.38MM BLUE TINTED LAMINATED GLASS | B15: BLUE
