Workbook

Sheet Inputs
A1: ALI FABRICATION SOLUTIONS LTD - GLASS CUTTING OPTIMISER
A3: SHEET & COST INPUTS
A5: Sheet Width (mm) | B5: 3300 | D5: How to use:
A6: Sheet Height (mm) | B6: 2140 | D6: 1) Fill CuttingList. 2) Pieces expands automatically. 3) Copy Pieces B:I → paste VALUES into SortedPieces B:H. 4) Sort SortedPieces (Area desc is a good default). 5) Placement calculates Sheet/Row/X/Y + waste.
A7: Kerf / Cutting Loss (mm) | B7: 0
A8: Edge Clearance (mm) | B8: 0
A9: Cost per Sheet
A10: Buffer / Breakage % | B10: 0
A13: CALCULATED (do not edit)
A15: Usable Width UseW (mm) | B15: =B5-2*B8 -> 3300
A16: Usable Height UseH (mm) | B16: =B6-2*B8 -> 2140
A17: Sheet Area (m²) | B17: =(B5*B6)/1000000 -> 7.062
A18: Usable Area (m²) | B18: =(B15*B16)/1000000 -> 7.062

Sheet CuttingList
A1: CUTTING LIST [ENTER ALL SIZES REQUIRED HERE]
A2: LABEL | B2: Width (mm) | C2: Height (mm) | D2: Qty | E2: RotateAllowed (Y/N) | F2: Priority | G2: Notes | H2: StartNo | I2: EndNo | J2: Area (m²) | K2: Total Area (m²)
H3: =IF($D3="","",IF(ROW()=3,1,IF($I2="",1,$I2+1))) | I3: =IF($D3="","",$H3+$D3-1) | J3: =IF(OR($B3="",$C3=""),"",($B3*$C3)/1000000) | K3: =IF(OR($J3="",$D3=""),"", $J3*$D3)
H4: =IF($D4="","",IF(ROW()=3,1,IF($I3="",1,$I3+1))) | I4: =IF($D4="","",$H4+$D4-1) | J4: =IF(OR($B4="",$C4=""),"",($B4*$C4)/1000000) | K4: =IF(OR($J4="",$D4=""),"", $J4*$D4)
H5: =IF($D5="","",IF(ROW()=3,1,IF($I4="",1,$I4+1))) | I5: =IF($D5="","",$H5+$D5-1) | J5: =IF(OR($B5="",$C5=""),"",($B5*$C5)/1000000) | K5: =IF(OR($J5="",$D5=""),"", $J5*$D5)
H6: =IF($D6="","",IF(ROW()=3,1,IF($I5="",1,$I5+1))) | I6: =IF($D6="","",$H6+$D6-1) | J6: =IF(OR($B6="",$C6=""),"",($B6*$C6)/1000000) | K6: =IF(OR($J6="",$D6=""),"", $J6*$D6)
H7: =IF($D7="","",IF(ROW()=3,1,IF($I6="",1,$I6+1))) | I7: =IF($D7="","",$H7+$D7-1) | J7: =IF(OR($B7="",$C7=""),"",($B7*$C7)/1000000) | K7: =IF(OR($J7="",$D7=""),"", $J7*$D7)
H8: =IF($D8="","",IF(ROW()=3,1,IF($I7="",1,$I7+1))) | I8: =IF($D8="","",$H8+$D8-1) | J8: =IF(OR($B8="",$C8=""),"",($B8*$C8)/1000000) | K8: =IF(OR($J8="",$D8=""),"", $J8*$D8)
H9: =IF($D9="","",IF(ROW()=3,1,IF($I8="",1,$I8+1))) | I9: =IF($D9="","",$H9+$D9-1) | J9: =IF(OR($B9="",$C9=""),"",($B9*$C9)/1000000) | K9: =IF(OR($J9="",$D9=""),"", $J9*$D9)
H10: =IF($D10="","",IF(ROW()=3,1,IF($I9="",1,$I9+1))) | I10: =IF($D10="","",$H10+$D10-1) | J10: =IF(OR($B10="",$C10=""),"",($B10*$C10)/1000000) | K10: =IF(OR($J10="",$D10=""),"", $J10*$D10)
H11: =IF($D11="","",IF(ROW()=3,1,IF($I10="",1,$I10+1))) | I11: =IF($D11="","",$H11+$D11-1) | J11: =IF(OR($B11="",$C11=""),"",($B11*$C11)/1000000) | K11: =IF(OR($J11="",$D11=""),"", $J11*$D11)
H12: =IF($D12="","",IF(ROW()=3,1,IF($I11="",1,$I11+1))) | I12: =IF($D12="","",$H12+$D12-1) | J12: =IF(OR($B12="",$C12=""),"",($B12*$C12)/1000000) | K12: =IF(OR($J12="",$D12=""),"", $J12*$D12)
H13: =IF($D13="","",IF(ROW()=3,1,IF($I12="",1,$I12+1))) | I13: =IF($D13="","",$H13+$D13-1) | J13: =IF(OR($B13="",$C13=""),"",($B13*$C13)/1000000) | K13: =IF(OR($J13="",$D13=""),"", $J13*$D13)
H14: =IF($D14="","",IF(ROW()=3,1,IF($I13="",1,$I13+1))) | I14: =IF($D14="","",$H14+$D14-1) | J14: =IF(OR($B14="",$C14=""),"",($B14*$C14)/1000000) | K14: =IF(OR($J14="",$D14=""),"", $J14*$D14)
... H202: =IF($D202="","",IF(ROW()=3,1,IF($I201="",1,$I201+1))) | I202: =IF($D202="","",$H202+$D202-1) | J202: =IF(OR($B202="",$C202=""),"",($B202*$C202)/1000000) | K202: =IF(OR($J202="",$D202=""),"", $J202*$D202)
C204: Totals: | D204: =SUM(D3:D202) -> 0 | I204: Totals: | J204: =SUM(J3:J202) -> 0 | K204: =SUM(K3:K202) -> 0

Sheet Pieces
A1: PIECES [DO NOT CHANGE ANYTHING HERE]
A2: PieceNo | B2: PartRow | C2: PartID | D2: W (mm) | E2: H (mm) | F2: RotateAllowed | G2: Area (m²) | H2: MaxDim (mm) | I2: HeightKey (mm)
A3: 1 | B3: =IF($A3>MAX(CuttingList!$I$3:$I$202),"",MATCH($A3,CuttingList!$H$3:$H$202,1)) | C3: =IF($B3="","",INDEX(CuttingList!$A$3:$A$202,$B3)) | D3: =IF($B3="","",INDEX(CuttingList!$B$3:$B$202,$B3)) | E3: =IF($B3="","",INDEX(CuttingList!$C$3:$C$202,$B3)) | F3: =IF($B3="","",INDEX(CuttingList!$E$3:$E$202,$B3)) | G3: =IF(OR($D3="",$E3=""),"",($D3*$E3)/1000000) | H3: =IF(OR($D3="",$E3=""),"",MAX($D3,$E3)) | I3: =IF($E3="","",$E3)
A4: 2 | B4: =IF($A4>MAX(CuttingList!$I$3:$I$202),"",MATCH($A4,CuttingList!$H$3:$H$202,1)) | C4: =IF($B4="","",INDEX(CuttingList!$A$3:$A$202,$B4)) | D4: =IF($B4="","",INDEX(CuttingList!$B$3:$B$202,$B4)) | E4: =IF($B4="","",INDEX(CuttingList!$C$3:$C$202,$B4)) | F4: =IF($B4="","",INDEX(CuttingList!$E$3:$E$202,$B4)) | G4: =IF(OR($D4="",$E4=""),"",($D4*$E4)/1000000) | H4: =IF(OR($D4="",$E4=""),"",MAX($D4,$E4)) | I4: =IF($E4="","",$E4)
A5: 3 | B5: =IF($A5>MAX(CuttingList!$I$3:$I$202),"",MATCH($A5,CuttingList!$H$3:$H$202,1)) | C5: =IF($B5="","",INDEX(CuttingList!$A$3:$A$202,$B5)) | D5: =IF($B5="","",INDEX(CuttingList!$B$3:$B$202,$B5)) | E5: =IF($B5="","",INDEX(CuttingList!$C$3:$C$202,$B5)) | F5: =IF($B5="","",INDEX(CuttingList!$E$3:$E$202,$B5)) | G5: =IF(OR($D5="",$E5=""),"",($D5*$E5)/1000000) | H5: =IF(OR($D5="",$E5=""),"",MAX($D5,$E5)) | I5: =IF($E5="","",$E5)
A6: 4 | B6: =IF($A6>MAX(CuttingList!$I$3:$I$202),"",MATCH($A6,CuttingList!$H$3:$H$202,1)) | C6: =IF($B6="","",INDEX(CuttingList!$A$3:$A$202,$B6)) | D6: =IF($B6="","",INDEX(CuttingList!$B$3:$B$202,$B6)) | E6: =IF($B6="","",INDEX(CuttingList!$C$3:$C$202,$B6)) | F6: =IF($B6="","",INDEX(CuttingList!$E$3:$E$202,$B6)) | G6: =IF(OR($D6="",$E6=""),"",($D6*$E6)/1000000) | H6: =IF(OR($D6="",$E6=""),"",MAX($D6,$E6)) | I6: =IF($E6="","",$E6)
A7: 5 | B7: =IF($A7>MAX(CuttingList!$I$3:$I$202),"",MATCH($A7,CuttingList!$H$3:$H$202,1)) | C7: =IF($B7="","",INDEX(CuttingList!$A$3:$A$202,$B7)) | D7: =IF($B7="","",INDEX(CuttingList!$B$3:$B$202,$B7)) | E7: =IF($B7="","",INDEX(CuttingList!$C$3:$C$202,$B7)) | F7: =IF($B7="","",INDEX(CuttingList!$E$3:$E$202,$B7)) | G7: =IF(OR($D7="",$E7=""),"",($D7*$E7)/1000000) | H7: =IF(OR($D7="",$E7=""),"",MAX($D7,$E7)) | I7: =IF($E7="","",$E7)
A8: 6 | B8: =IF($A8>MAX(CuttingList!$I$3:$I$202),"",MATCH($A8,CuttingList!$H$3:$H$202,1)) | C8: =IF($B8="","",INDEX(CuttingList!$A$3:$A$202,$B8)) | D8: =IF($B8="","",INDEX(CuttingList!$B$3:$B$202,$B8)) | E8: =IF($B8="","",INDEX(CuttingList!$C$3:$C$202,$B8)) | F8: =IF($B8="","",INDEX(CuttingList!$E$3:$E$202,$B8)) | G8: =IF(OR($D8="",$E8=""),"",($D8*$E8)/1000000) | H8: =IF(OR($D8="",$E8=""),"",MAX($D8,$E8)) | I8: =IF($E8="","",$E8)
A9: 7 | B9: =IF($A9>MAX(CuttingList!$I$3:$I$202),"",MATCH($A9,CuttingList!$H$3:$H$202,1)) | C9: =IF($B9="","",INDEX(CuttingList!$A$3:$A$202,$B9)) | D9: =IF($B9="","",INDEX(CuttingList!$B$3:$B$202,$B9)) | E9: =IF($B9="","",INDEX(CuttingList!$C$3:$C$202,$B9)) | F9: =IF($B9="","",INDEX(CuttingList!$E$3:$E$202,$B9)) | G9: =IF(OR($D9="",$E9=""),"",($D9*$E9)/1000000) | H9: =IF(OR($D9="",$E9=""),"",MAX($D9,$E9)) | I9: =IF($E9="","",$E9)
A10: 8 | B10: =IF($A10>MAX(CuttingList!$I$3:$I$202),"",MATCH($A10,CuttingList!$H$3:$H$202,1)) | C10: =IF($B10="","",INDEX(CuttingList!$A$3:$A$202,$B10)) | D10: =IF($B10="","",INDEX(CuttingList!$B$3:$B$202,$B10)) | E10: =IF($B10="","",INDEX(CuttingList!$C$3:$C$202,$B10)) | F10: =IF($B10="","",INDEX(CuttingList!$E$3:$E$202,$B10)) | G10: =IF(OR($D10="",$E10=""),"",($D10*$E10)/1000000) | H10: =IF(OR($D10="",$E10=""),"",MAX($D10,$E10)) | I10: =IF($E10="","",$E10)
A11: 9 | B11: =IF($A11>MAX(CuttingList!$I$3:$I$202),"",MATCH($A11,CuttingList!$H$3:$H$202,1)) | C11: =IF($B11="","",INDEX(CuttingList!$A$3:$A$202,$B11)) | D11: =IF($B11="","",INDEX(CuttingList!$B$3:$B$202,$B11)) | E11: =IF($B11="","",INDEX(CuttingList!$C$3:$C$202,$B11)) | F11: =IF($B11="","",INDEX(CuttingList!$E$3:$E$202,$B11)) | G11: =IF(OR($D11="",$E11=""),"",($D11*$E11)/1000000) | H11: =IF(OR($D11="",$E11=""),"",MAX($D11,$E11)) | I11: =IF($E11="","",$E11)
A12: 10 | B12: =IF($A12>MAX(CuttingList!$I$3:$I$202),"",MATCH($A12,CuttingList!$H$3:$H$202,1)) | C12: =IF($B12="","",INDEX(CuttingList!$A$3:$A$202,$B12)) | D12: =IF($B12="","",INDEX(CuttingList!$B$3:$B$202,$B12)) | E12: =IF($B12="","",INDEX(CuttingList!$C$3:$C$202,$B12)) | F12: =IF($B12="","",INDEX(CuttingList!$E$3:$E$202,$B12)) | G12: =IF(OR($D12="",$E12=""),"",($D12*$E12)/1000000) | H12: =IF(OR($D12="",$E12=""),"",MAX($D12,$E12)) | I12: =IF($E12="","",$E12)
A13: 11 | B13: =IF($A13>MAX(CuttingList!$I$3:$I$202),"",MATCH($A13,CuttingList!$H$3:$H$202,1)) | C13: =IF($B13="","",INDEX(CuttingList!$A$3:$A$202,$B13)) | D13: =IF($B13="","",INDEX(CuttingList!$B$3:$B$202,$B13)) | E13: =IF($B13="","",INDEX(CuttingList!$C$3:$C$202,$B13)) | F13: =IF($B13="","",INDEX(CuttingList!$E$3:$E$202,$B13)) | G13: =IF(OR($D13="",$E13=""),"",($D13*$E13)/1000000) | H13: =IF(OR($D13="",$E13=""),"",MAX($D13,$E13)) | I13: =IF($E13="","",$E13)
A14: 12 | B14: =IF($A14>MAX(CuttingList!$I$3:$I$202),"",MATCH($A14,CuttingList!$H$3:$H$202,1)) | C14: =IF($B14="","",INDEX(CuttingList!$A$3:$A$202,$B14)) | D14: =IF($B14="","",INDEX(CuttingList!$B$3:$B$202,$B14)) | E14: =IF($B14="","",INDEX(CuttingList!$C$3:$C$202,$B14)) | F14: =IF($B14="","",INDEX(CuttingList!$E$3:$E$202,$B14)) | G14: =IF(OR($D14="",$E14=""),"",($D14*$E14)/1000000) | H14: =IF(OR($D14="",$E14=""),"",MAX($D14,$E14)) | I14: =IF($E14="","",$E14)
... A402: 400 | B402: =IF($A402>MAX(CuttingList!$I$3:$I$202),"",MATCH($A402,CuttingList!$H$3:$H$202,1)) | C402: =IF($B402="","",INDEX(CuttingList!$A$3:$A$202,$B402)) | D402: =IF($B402="","",INDEX(CuttingList!$B$3:$B$202,$B402)) | E402: =IF($B402="","",INDEX(CuttingList!$C$3:$C$202,$B402)) | F402: =IF($B402="","",INDEX(CuttingList!$E$3:$E$202,$B402)) | G402: =IF(OR($D402="",$E402=""),"",($D402*$E402)/1000000) | H402: =IF(OR($D402="",$E402=""),"",MAX($D402,$E402)) | I402: =IF($E402="","",$E402)

Sheet SortedPieces
A1: SORTED PIECES [SORT AREA FROM LARGEST TO SMALLEST FOR OPTIMISATION]
A2: Seq | B2: PartID | C2: W (mm) | D2: H (mm) | E2: RotateAllowed | F2: Area (m²) | G2: MaxDim (mm) | H2: HeightKey (mm)
A3: 1 | B3: =IF(Pieces!$C3="","",Pieces!$C3) | C3: =IF(Pieces!$D3="","",Pieces!$D3) | D3: =IF(Pieces!$E3="","",Pieces!$E3) | E3: =IF(Pieces!$F3="","",Pieces!$F3) | F3: =IF(Pieces!$G3="","",Pieces!$G3) | G3: =IF(Pieces!$H3="","",Pieces!$H3) | H3: =IF(Pieces!$I3="","",Pieces!$I3)
A4: 2 | B4: =IF(Pieces!$C5="","",Pieces!$C5) | C4: =IF(Pieces!$D5="","",Pieces!$D5) | D4: =IF(Pieces!$E5="","",Pieces!$E5) | E4: =IF(Pieces!$F5="","",Pieces!$F5) | F4: =IF(Pieces!$G5="","",Pieces!$G5) | G4: =IF(Pieces!$H5="","",Pieces!$H5) | H4: =IF(Pieces!$I5="","",Pieces!$I5)
A5: 3 | B5: =IF(Pieces!$C6="","",Pieces!$C6) | C5: =IF(Pieces!$D6="","",Pieces!$D6) | D5: =IF(Pieces!$E6="","",Pieces!$E6) | E5: =IF(Pieces!$F6="","",Pieces!$F6) | F5: =IF(Pieces!$G6="","",Pieces!$G6) | G5: =IF(Pieces!$H6="","",Pieces!$H6) | H5: =IF(Pieces!$I6="","",Pieces!$I6)
A6: 4 | B6: =IF(Pieces!$C7="","",Pieces!$C7) | C6: =IF(Pieces!$D7="","",Pieces!$D7) | D6: =IF(Pieces!$E7="","",Pieces!$E7) | E6: =IF(Pieces!$F7="","",Pieces!$F7) | F6: =IF(Pieces!$G7="","",Pieces!$G7) | G6: =IF(Pieces!$H7="","",Pieces!$H7) | H6: =IF(Pieces!$I7="","",Pieces!$I7)
A7: 5 | B7: =IF(Pieces!$C8="","",Pieces!$C8) | C7: =IF(Pieces!$D8="","",Pieces!$D8) | D7: =IF(Pieces!$E8="","",Pieces!$E8) | E7: =IF(Pieces!$F8="","",Pieces!$F8) | F7: =IF(Pieces!$G8="","",Pieces!$G8) | G7: =IF(Pieces!$H8="","",Pieces!$H8) | H7: =IF(Pieces!$I8="","",Pieces!$I8)
A8: 6 | B8: =IF(Pieces!$C9="","",Pieces!$C9) | C8: =IF(Pieces!$D9="","",Pieces!$D9) | D8: =IF(Pieces!$E9="","",Pieces!$E9) | E8: =IF(Pieces!$F9="","",Pieces!$F9) | F8: =IF(Pieces!$G9="","",Pieces!$G9) | G8: =IF(Pieces!$H9="","",Pieces!$H9) | H8: =IF(Pieces!$I9="","",Pieces!$I9)
A9: 7 | B9: =IF(Pieces!$C4="","",Pieces!$C4) | C9: =IF(Pieces!$D4="","",Pieces!$D4) | D9: =IF(Pieces!$E4="","",Pieces!$E4) | E9: =IF(Pieces!$F4="","",Pieces!$F4) | F9: =IF(Pieces!$G4="","",Pieces!$G4) | G9: =IF(Pieces!$H4="","",Pieces!$H4) | H9: =IF(Pieces!$I4="","",Pieces!$I4)
A10: 8 | B10: =IF(Pieces!$C12="","",Pieces!$C12) | C10: =IF(Pieces!$D12="","",Pieces!$D12) | D10: =IF(Pieces!$E12="","",Pieces!$E12) | E10: =IF(Pieces!$F12="","",Pieces!$F12) | F10: =IF(Pieces!$G12="","",Pieces!$G12) | G10: =IF(Pieces!$H12="","",Pieces!$H12) | H10: =IF(Pieces!$I12="","",Pieces!$I12)
A11: 9 | B11: =IF(Pieces!$C13="","",Pieces!$C13) | C11: =IF(Pieces!$D13="","",Pieces!$D13) | D11: =IF(Pieces!$E13="","",Pieces!$E13) | E11: =IF(Pieces!$F13="","",Pieces!$F13) | F11: =IF(Pieces!$G13="","",Pieces!$G13) | G11: =IF(Pieces!$H13="","",Pieces!$H13) | H11: =IF(Pieces!$I13="","",Pieces!$I13)
A12: 10 | B12: =IF(Pieces!$C14="","",Pieces!$C14) | C12: =IF(Pieces!$D14="","",Pieces!$D14) | D12: =IF(Pieces!$E14="","",Pieces!$E14) | E12: =IF(Pieces!$F14="","",Pieces!$F14) | F12: =IF(Pieces!$G14="","",Pieces!$G14) | G12: =IF(Pieces!$H14="","",Pieces!$H14) | H12: =IF(Pieces!$I14="","",Pieces!$I14)
A13: 11 | B13: =IF(Pieces!$C15="","",Pieces!$C15) | C13: =IF(Pieces!$D15="","",Pieces!$D15) | D13: =IF(Pieces!$E15="","",Pieces!$E15) | E13: =IF(Pieces!$F15="","",Pieces!$F15) | F13: =IF(Pieces!$G15="","",Pieces!$G15) | G13: =IF(Pieces!$H15="","",Pieces!$H15) | H13: =IF(Pieces!$I15="","",Pieces!$I15)
A14: 12 | B14: =IF(Pieces!$C16="","",Pieces!$C16) | C14: =IF(Pieces!$D16="","",Pieces!$D16) | D14: =IF(Pieces!$E16="","",Pieces!$E16) | E14: =IF(Pieces!$F16="","",Pieces!$F16) | F14: =IF(Pieces!$G16="","",Pieces!$G16) | G14: =IF(Pieces!$H16="","",Pieces!$H16) | H14: =IF(Pieces!$I16="","",Pieces!$I16)
A15: 13 | B15: =IF(Pieces!$C10="","",Pieces!$C10) | C15: =IF(Pieces!$D10="","",Pieces!$D10) | D15: =IF(Pieces!$E10="","",Pieces!$E10) | E15: =IF(Pieces!$F10="","",Pieces!$F10) | F15: =IF(Pieces!$G10="","",Pieces!$G10) | G15: =IF(Pieces!$H10="","",Pieces!$H10) | H15: =IF(Pieces!$I10="","",Pieces!$I10)
A16: 14 | B16: =IF(Pieces!$C11="","",Pieces!$C11) | C16: =IF(Pieces!$D11="","",Pieces!$D11) | D16: =IF(Pieces!$E11="","",Pieces!$E11) | E16: =IF(Pieces!$F11="","",Pieces!$F11) | F16: =IF(Pieces!$G11="","",Pieces!$G11) | G16: =IF(Pieces!$H11="","",Pieces!$H11) | H16: =IF(Pieces!$I11="","",Pieces!$I11)
A17: 15 | B17: =IF(Pieces!$C17="","",Pieces!$C17) | C17: =IF(Pieces!$D17="","",Pieces!$D17) | D17: =IF(Pieces!$E17="","",Pieces!$E17) | E17: =IF(Pieces!$F17="","",Pieces!$F17) | F17: =IF(Pieces!$G17="","",Pieces!$G17) | G17: =IF(Pieces!$H17="","",Pieces!$H17) | H17: =IF(Pieces!$I17="","",Pieces!$I17)
A18: 16 | B18: =IF(Pieces!$C18="","",Pieces!$C18) | C18: =IF(Pieces!$D18="","",Pieces!$D18) | D18: =IF(Pieces!$E18="","",Pieces!$E18) | E18: =IF(Pieces!$F18="","",Pieces!$F18) | F18: =IF(Pieces!$G18="","",Pieces!$G18) | G18: =IF(Pieces!$H18="","",Pieces!$H18) | H18: =IF(Pieces!$I18="","",Pieces!$I18)
A19: 17 | B19: =IF(Pieces!$C19="","",Pieces!$C19) | C19: =IF(Pieces!$D19="","",Pieces!$D19) | D19: =IF(Pieces!$E19="","",Pieces!$E19) | E19: =IF(Pieces!$F19="","",Pieces!$F19) | F19: =IF(Pieces!$G19="","",Pieces!$G19) | G19: =IF(Pieces!$H19="","",Pieces!$H19) | H19: =IF(Pieces!$I19="","",Pieces!$I19)
A20: 18 | B20: =IF(Pieces!$C20="","",Pieces!$C20) | C20: =IF(Pieces!$D20="","",Pieces!$D20) | D20: =IF(Pieces!$E20="","",Pieces!$E20) | E20: =IF(Pieces!$F20="","",Pieces!$F20) | F20: =IF(Pieces!$G20="","",Pieces!$G20) | G20: =IF(Pieces!$H20="","",Pieces!$H20) | H20: =IF(Pieces!$I20="","",Pieces!$I20)
A21: 19 | B21: =IF(Pieces!$C21="","",Pieces!$C21) | C21: =IF(Pieces!$D21="","",Pieces!$D21) | D21: =IF(Pieces!$E21="","",Pieces!$E21) | E21: =IF(Pieces!$F21="","",Pieces!$F21) | F21: =IF(Pieces!$G21="","",Pieces!$G21) | G21: =IF(Pieces!$H21="","",Pieces!$H21) | H21: =IF(Pieces!$I21="","",Pieces!$I21)
A22: 20 | B22: =IF(Pieces!$C22="","",Pieces!$C22) | C22: =IF(Pieces!$D22="","",Pieces!$D22) | D22: =IF(Pieces!$E22="","",Pieces!$E22) | E22: =IF(Pieces!$F22="","",Pieces!$F22) | F22: =IF(Pieces!$G22="","",Pieces!$G22) | G22: =IF(Pieces!$H22="","",Pieces!$H22) | H22: =IF(Pieces!$I22="","",Pieces!$I22)
A23: 21 | B23: =IF(Pieces!$C23="","",Pieces!$C23) | C23: =IF(Pieces!$D23="","",Pieces!$D23) | D23: =IF(Pieces!$E23="","",Pieces!$E23) | E23: =IF(Pieces!$F23="","",Pieces!$F23) | F23: =IF(Pieces!$G23="","",Pieces!$G23) | G23: =IF(Pieces!$H23="","",Pieces!$H23) | H23: =IF(Pieces!$I23="","",Pieces!$I23)
A24: 22 | B24: =IF(Pieces!$C24="","",Pieces!$C24) | C24: =IF(Pieces!$D24="","",Pieces!$D24) | D24: =IF(Pieces!$E24="","",Pieces!$E24) | E24: =IF(Pieces!$F24="","",Pieces!$F24) | F24: =IF(Pieces!$G24="","",Pieces!$G24) | G24: =IF(Pieces!$H24="","",Pieces!$H24) | H24: =IF(Pieces!$I24="","",Pieces!$I24)
A25: 23 | B25: =IF(Pieces!$C25="","",Pieces!$C25) | C25: =IF(Pieces!$D25="","",Pieces!$D25) | D25: =IF(Pieces!$E25="","",Pieces!$E25) | E25: =IF(Pieces!$F25="","",Pieces!$F25) | F25: =IF(Pieces!$G25="","",Pieces!$G25) | G25: =IF(Pieces!$H25="","",Pieces!$H25) | H25: =IF(Pieces!$I25="","",Pieces!$I25)
A26: 24 | B26: =IF(Pieces!$C26="","",Pieces!$C26) | C26: =IF(Pieces!$D26="","",Pieces!$D26) | D26: =IF(Pieces!$E26="","",Pieces!$E26) | E26: =IF(Pieces!$F26="","",Pieces!$F26) | F26: =IF(Pieces!$G26="","",Pieces!$G26) | G26: =IF(Pieces!$H26="","",Pieces!$H26) | H26: =IF(Pieces!$I26="","",Pieces!$I26)
A27: 25 | B27: =IF(Pieces!$C27="","",Pieces!$C27) | C27: =IF(Pieces!$D27="","",Pieces!$D27) | D27: =IF(Pieces!$E27="","",Pieces!$E27) | E27: =IF(Pieces!$F27="","",Pieces!$F27) | F27: =IF(Pieces!$G27="","",Pieces!$G27) | G27: =IF(Pieces!$H27="","",Pieces!$H27) | H27: =IF(Pieces!$I27="","",Pieces!$I27)
A28: 26 | B28: =IF(Pieces!$C28="","",Pieces!$C28) | C28: =IF(Pieces!$D28="","",Pieces!$D28) | D28: =IF(Pieces!$E28="","",Pieces!$E28) | E28: =IF(Pieces!$F28="","",Pieces!$F28) | F28: =IF(Pieces!$G28="","",Pieces!$G28) | G28: =IF(Pieces!$H28="","",Pieces!$H28) | H28: =IF(Pieces!$I28="","",Pieces!$I28)
... A402: 400 | B402: =IF(Pieces!$C402="","",Pieces!$C402) | C402: =IF(Pieces!$D402="","",Pieces!$D402) | D402: =IF(Pieces!$E402="","",Pieces!$E402) | E402: =IF(Pieces!$F402="","",Pieces!$F402) | F402: =IF(Pieces!$G402="","",Pieces!$G402) | G402: =IF(Pieces!$H402="","",Pieces!$H402) | H402: =IF(Pieces!$I402="","",Pieces!$I402)

Sheet Placement
A1: PROJECT NAME:
A2: DATE: | G2: =TODAY() -> 46082
A3: GLASS SPECIFICATION:
A5: GLASS CUTTING JOBCARD
A6: Seq | B6: LABEL | C6: InW | D6: InH | E6: RotOK | F6: PlaceW | G6: PlaceH | H6: Rotated | I6: Sheet# | J6: Row# | K6: Xstart | L6: Ystart | M6: Xend | N6: RowHeight | O6: RemainingW | P6: FitInRow | Q6: NewRow | R6: NewSheet | S6: Status
A7: 1 | B7: =IF(SortedPieces!$B3="","",SortedPieces!$B3) | C7: =IF(SortedPieces!$C3="","",SortedPieces!$C3) | D7: =IF(SortedPieces!$D3="","",SortedPieces!$D3) | E7: =IF(SortedPieces!$E3="","",SortedPieces!$E3) | F7: =IF($B7="","",IF($C7<=$O7,$C7,IF(AND($E7="Y",$D7<=$O7),$D7,IF(AND($E7="Y",$D7<=Inputs!$B$15,$C7<=Inputs!$B$15),IF($C7<$D7,$D7,$C7),IF(AND($E7="Y",$D7<=Inputs!$B$15),$D7,$C7))))) | G7: =IF($B7="","",IF($C7<=$O7,$D7,IF(AND($E7="Y",$D7<=$O7),$C7,IF(AND($E7="Y",$D7<=Inputs!$B$15,$C7<=Inputs!$B$15),IF($C7<$D7,$C7,$D7),IF(AND($E7="Y",$D7<=Inputs!$B$15),$C7,$D7))))) | H7: =IF($B7="","",IF(AND($E7="Y",$F7=$D7,$G7=$C7),"Y","N")) | I7: =IF($B7="","",1) | J7: =IF($B7="","",1) | K7: =IF($B7="","",0) | L7: =IF($B7="","",0) | M7: =IF($B7="","",$K7+$F7) | N7: =IF($B7="","",$G7) | O7: =Inputs!$B$15 -> 3300 | P7: =IF($B7="","",IF($F7<=Inputs!$B$15,TRUE,FALSE)) | Q7: =IF($B7="","",FALSE) | R7: =IF($B7="","",FALSE) | S7: =IF($B7="","",IF(OR($F7>Inputs!$B$15,$G7>Inputs!$B$16),"TOO BIG",IF($R7,"NEW SHEET",IF($Q7,"NEW ROW","OK")))) | U7: SUMMARY
A8: 2 | B8: =IF(SortedPieces!$B4="","",SortedPieces!$B4) | C8: =IF(SortedPieces!$C4="","",SortedPieces!$C4) | D8: =IF(SortedPieces!$D4="","",SortedPieces!$D4) | E8: =IF(SortedPieces!$E4="","",SortedPieces!$E4) | F8: =IF($B8="","",IF($C8<=$O8,$C8,IF(AND($E8="Y",$D8<=$O8),$D8,IF(AND($E8="Y",$D8<=Inputs!$B$15,$C8<=Inputs!$B$15),IF($C8<$D8,$D8,$C8),IF(AND($E8="Y",$D8<=Inputs!$B$15),$D8,$C8))))) | G8: =IF($B8="","",IF($C8<=$O8,$D8,IF(AND($E8="Y",$D8<=$O8),$C8,IF(AND($E8="Y",$D8<=Inputs!$B$15,$C8<=Inputs!$B$15),IF($C8<$D8,$C8,$D8),IF(AND($E8="Y",$D8<=Inputs!$B$15),$C8,$D8))))) | H8: =IF($B8="","",IF(AND($E8="Y",$F8=$D8,$G8=$C8),"Y","N")) | I8: =IF($B8="","",IF($R8,$I7+1,$I7)) | J8: =IF($B8="","",IF($R8,1,IF($Q8,$J7+1,$J7))) | K8: =IF($B8="","",IF($R8,0,IF($Q8,0,$M7))) | L8: =IF($B8="","",IF($R8,0,IF($Q8,$L7+$N7,$L7))) | M8: =IF($B8="","",$K8+$F8) | N8: =IF($B8="","",IF($R8,$G8,IF($Q8,$G8,MAX($N7,$G8)))) | O8: =IF($B8="","",Inputs!$B$15-$M7) | P8: =IF($B8="","",IF($F8<=$O8,TRUE,FALSE)) | Q8: =IF($B8="","",NOT($P8)) | R8: =IF($B8="","",IF($Q8,($L7+$N7+$G8)>Inputs!$B$16,FALSE)) | S8: =IF($B8="","",IF(OR($F8>Inputs!$B$15,$G8>Inputs!$B$16),"TOO BIG",IF($R8,"NEW SHEET",IF($Q8,"NEW ROW","OK")))) | U8: Sheets Used | V8: =IFERROR(MAX(I7:I406),0) -> 0
A9: 3 | B9: =IF(SortedPieces!$B5="","",SortedPieces!$B5) | C9: =IF(SortedPieces!$C5="","",SortedPieces!$C5) | D9: =IF(SortedPieces!$D5="","",SortedPieces!$D5) | E9: =IF(SortedPieces!$E5="","",SortedPieces!$E5) | F9: =IF($B9="","",IF($C9<=$O9,$C9,IF(AND($E9="Y",$D9<=$O9),$D9,IF(AND($E9="Y",$D9<=Inputs!$B$15,$C9<=Inputs!$B$15),IF($C9<$D9,$D9,$C9),IF(AND($E9="Y",$D9<=Inputs!$B$15),$D9,$C9))))) | G9: =IF($B9="","",IF($C9<=$O9,$D9,IF(AND($E9="Y",$D9<=$O9),$C9,IF(AND($E9="Y",$D9<=Inputs!$B$15,$C9<=Inputs!$B$15),IF($C9<$D9,$C9,$D9),IF(AND($E9="Y",$D9<=Inputs!$B$15),$C9,$D9))))) | H9: =IF($B9="","",IF(AND($E9="Y",$F9=$D9,$G9=$C9),"Y","N")) | I9: =IF($B9="","",IF($R9,$I8+1,$I8)) | J9: =IF($B9="","",IF($R9,1,IF($Q9,$J8+1,$J8))) | K9: =IF($B9="","",IF($R9,0,IF($Q9,0,$M8))) | L9: =IF($B9="","",IF($R9,0,IF($Q9,$L8+$N8,$L8))) | M9: =IF($B9="","",$K9+$F9) | N9: =IF($B9="","",IF($R9,$G9,IF($Q9,$G9,MAX($N8,$G9)))) | O9: =IF($B9="","",Inputs!$B$15-$M8) | P9: =IF($B9="","",IF($F9<=$O9,TRUE,FALSE)) | Q9: =IF($B9="","",NOT($P9)) | R9: =IF($B9="","",IF($Q9,($L8+$N8+$G9)>Inputs!$B$16,FALSE)) | S9: =IF($B9="","",IF(OR($F9>Inputs!$B$15,$G9>Inputs!$B$16),"TOO BIG",IF($R9,"NEW SHEET",IF($Q9,"NEW ROW","OK")))) | U9: Total Usable Area (m²) | V9: =V8*(Inputs!$B$15*Inputs!$B$16)/1000000 -> 0
A10: 4 | B10: =IF(SortedPieces!$B6="","",SortedPieces!$B6) | C10: =IF(SortedPieces!$C6="","",SortedPieces!$C6) | D10: =IF(SortedPieces!$D6="","",SortedPieces!$D6) | E10: =IF(SortedPieces!$E6="","",SortedPieces!$E6) | F10: =IF($B10="","",IF($C10<=$O10,$C10,IF(AND($E10="Y",$D10<=$O10),$D10,IF(AND($E10="Y",$D10<=Inputs!$B$15,$C10<=Inputs!$B$15),IF($C10<$D10,$D10,$C10),IF(AND($E10="Y",$D10<=Inputs!$B$15),$D10,$C10))))) | G10: =IF($B10="","",IF($C10<=$O10,$D10,IF(AND($E10="Y",$D10<=$O10),$C10,IF(AND($E10="Y",$D10<=Inputs!$B$15,$C10<=Inputs!$B$15),IF($C10<$D10,$C10,$D10),IF(AND($E10="Y",$D10<=Inputs!$B$15),$C10,$D10))))) | H10: =IF($B10="","",IF(AND($E10="Y",$F10=$D10,$G10=$C10),"Y","N")) | I10: =IF($B10="","",IF($R10,$I9+1,$I9)) | J10: =IF($B10="","",IF($R10,1,IF($Q10,$J9+1,$J9))) | K10: =IF($B10="","",IF($R10,0,IF($Q10,0,$M9))) | L10: =IF($B10="","",IF($R10,0,IF($Q10,$L9+$N9,$L9))) | M10: =IF($B10="","",$K10+$F10) | N10: =IF($B10="","",IF($R10,$G10,IF($Q10,$G10,MAX($N9,$G10)))) | O10: =IF($B10="","",Inputs!$B$15-$M9) | P10: =IF($B10="","",IF($F10<=$O10,TRUE,FALSE)) | Q10: =IF($B10="","",NOT($P10)) | R10: =IF($B10="","",IF($Q10,($L9+$N9+$G10)>Inputs!$B$16,FALSE)) | S10: =IF($B10="","",IF(OR($F10>Inputs!$B$15,$G10>Inputs!$B$16),"TOO BIG",IF($R10,"NEW SHEET",IF($Q10,"NEW ROW","OK")))) | U10: Used Area (m²) (from SortedPieces) | V10: =SUM(SortedPieces!F3:F402) -> 0
A11: 5 | B11: =IF(SortedPieces!$B7="","",SortedPieces!$B7) | C11: =IF(SortedPieces!$C7="","",SortedPieces!$C7) | D11: =IF(SortedPieces!$D7="","",SortedPieces!$D7) | E11: =IF(SortedPieces!$E7="","",SortedPieces!$E7) | F11: =IF($B11="","",IF($C11<=$O11,$C11,IF(AND($E11="Y",$D11<=$O11),$D11,IF(AND($E11="Y",$D11<=Inputs!$B$15,$C11<=Inputs!$B$15),IF($C11<$D11,$D11,$C11),IF(AND($E11="Y",$D11<=Inputs!$B$15),$D11,$C11))))) | G11: =IF($B11="","",IF($C11<=$O11,$D11,IF(AND($E11="Y",$D11<=$O11),$C11,IF(AND($E11="Y",$D11<=Inputs!$B$15,$C11<=Inputs!$B$15),IF($C11<$D11,$C11,$D11),IF(AND($E11="Y",$D11<=Inputs!$B$15),$C11,$D11))))) | H11: =IF($B11="","",IF(AND($E11="Y",$F11=$D11,$G11=$C11),"Y","N")) | I11: =IF($B11="","",IF($R11,$I10+1,$I10)) | J11: =IF($B11="","",IF($R11,1,IF($Q11,$J10+1,$J10))) | K11: =IF($B11="","",IF($R11,0,IF($Q11,0,$M10))) | L11: =IF($B11="","",IF($R11,0,IF($Q11,$L10+$N10,$L10))) | M11: =IF($B11="","",$K11+$F11) | N11: =IF($B11="","",IF($R11,$G11,IF($Q11,$G11,MAX($N10,$G11)))) | O11: =IF($B11="","",Inputs!$B$15-$M10) | P11: =IF($B11="","",IF($F11<=$O11,TRUE,FALSE)) | Q11: =IF($B11="","",NOT($P11)) | R11: =IF($B11="","",IF($Q11,($L10+$N10+$G11)>Inputs!$B$16,FALSE)) | S11: =IF($B11="","",IF(OR($F11>Inputs!$B$15,$G11>Inputs!$B$16),"TOO BIG",IF($R11,"NEW SHEET",IF($Q11,"NEW ROW","OK")))) | U11: Waste % | V11: =IF(V9=0,0,1-(V10/V9)) -> 0
A12: 6 | B12: =IF(SortedPieces!$B8="","",SortedPieces!$B8) | C12: =IF(SortedPieces!$C8="","",SortedPieces!$C8) | D12: =IF(SortedPieces!$D8="","",SortedPieces!$D8) | E12: =IF(SortedPieces!$E8="","",SortedPieces!$E8) | F12: =IF($B12="","",IF($C12<=$O12,$C12,IF(AND($E12="Y",$D12<=$O12),$D12,IF(AND($E12="Y",$D12<=Inputs!$B$15,$C12<=Inputs!$B$15),IF($C12<$D12,$D12,$C12),IF(AND($E12="Y",$D12<=Inputs!$B$15),$D12,$C12))))) | G12: =IF($B12="","",IF($C12<=$O12,$D12,IF(AND($E12="Y",$D12<=$O12),$C12,IF(AND($E12="Y",$D12<=Inputs!$B$15,$C12<=Inputs!$B$15),IF($C12<$D12,$C12,$D12),IF(AND($E12="Y",$D12<=Inputs!$B$15),$C12,$D12))))) | H12: =IF($B12="","",IF(AND($E12="Y",$F12=$D12,$G12=$C12),"Y","N")) | I12: =IF($B12="","",IF($R12,$I11+1,$I11)) | J12: =IF($B12="","",IF($R12,1,IF($Q12,$J11+1,$J11))) | K12: =IF($B12="","",IF($R12,0,IF($Q12,0,$M11))) | L12: =IF($B12="","",IF($R12,0,IF($Q12,$L11+$N11,$L11))) | M12: =IF($B12="","",$K12+$F12) | N12: =IF($B12="","",IF($R12,$G12,IF($Q12,$G12,MAX($N11,$G12)))) | O12: =IF($B12="","",Inputs!$B$15-$M11) | P12: =IF($B12="","",IF($F12<=$O12,TRUE,FALSE)) | Q12: =IF($B12="","",NOT($P12)) | R12: =IF($B12="","",IF($Q12,($L11+$N11+$G12)>Inputs!$B$16,FALSE)) | S12: =IF($B12="","",IF(OR($F12>Inputs!$B$15,$G12>Inputs!$B$16),"TOO BIG",IF($R12,"NEW SHEET",IF($Q12,"NEW ROW","OK")))) | U12: Sheets + Buffer | V12: =ROUNDUP(V8*(1+Inputs!$B$10),0) -> 0
A13: 7 | B13: =IF(SortedPieces!$B9="","",SortedPieces!$B9) | C13: =IF(SortedPieces!$C9="","",SortedPieces!$C9) | D13: =IF(SortedPieces!$D9="","",SortedPieces!$D9) | E13: =IF(SortedPieces!$E9="","",SortedPieces!$E9) | F13: =IF($B13="","",IF($C13<=$O13,$C13,IF(AND($E13="Y",$D13<=$O13),$D13,IF(AND($E13="Y",$D13<=Inputs!$B$15,$C13<=Inputs!$B$15),IF($C13<$D13,$D13,$C13),IF(AND($E13="Y",$D13<=Inputs!$B$15),$D13,$C13))))) | G13: =IF($B13="","",IF($C13<=$O13,$D13,IF(AND($E13="Y",$D13<=$O13),$C13,IF(AND($E13="Y",$D13<=Inputs!$B$15,$C13<=Inputs!$B$15),IF($C13<$D13,$C13,$D13),IF(AND($E13="Y",$D13<=Inputs!$B$15),$C13,$D13))))) | H13: =IF($B13="","",IF(AND($E13="Y",$F13=$D13,$G13=$C13),"Y","N")) | I13: =IF($B13="","",IF($R13,$I12+1,$I12)) | J13: =IF($B13="","",IF($R13,1,IF($Q13,$J12+1,$J12))) | K13: =IF($B13="","",IF($R13,0,IF($Q13,0,$M12))) | L13: =IF($B13="","",IF($R13,0,IF($Q13,$L12+$N12,$L12))) | M13: =IF($B13="","",$K13+$F13) | N13: =IF($B13="","",IF($R13,$G13,IF($Q13,$G13,MAX($N12,$G13)))) | O13: =IF($B13="","",Inputs!$B$15-$M12) | P13: =IF($B13="","",IF($F13<=$O13,TRUE,FALSE)) | Q13: =IF($B13="","",NOT($P13)) | R13: =IF($B13="","",IF($Q13,($L12+$N12+$G13)>Inputs!$B$16,FALSE)) | S13: =IF($B13="","",IF(OR($F13>Inputs!$B$15,$G13>Inputs!$B$16),"TOO BIG",IF($R13,"NEW SHEET",IF($Q13,"NEW ROW","OK")))) | U13: Glass Cost (with buffer) | V13: =V12*Inputs!$B$9 -> 0
A14: 8 | B14: =IF(SortedPieces!$B10="","",SortedPieces!$B10) | C14: =IF(SortedPieces!$C10="","",SortedPieces!$C10) | D14: =IF(SortedPieces!$D10="","",SortedPieces!$D10) | E14: =IF(SortedPieces!$E10="","",SortedPieces!$E10) | F14: =IF($B14="","",IF($C14<=$O14,$C14,IF(AND($E14="Y",$D14<=$O14),$D14,IF(AND($E14="Y",$D14<=Inputs!$B$15,$C14<=Inputs!$B$15),IF($C14<$D14,$D14,$C14),IF(AND($E14="Y",$D14<=Inputs!$B$15),$D14,$C14))))) | G14: =IF($B14="","",IF($C14<=$O14,$D14,IF(AND($E14="Y",$D14<=$O14),$C14,IF(AND($E14="Y",$D14<=Inputs!$B$15,$C14<=Inputs!$B$15),IF($C14<$D14,$C14,$D14),IF(AND($E14="Y",$D14<=Inputs!$B$15),$C14,$D14))))) | H14: =IF($B14="","",IF(AND($E14="Y",$F14=$D14,$G14=$C14),"Y","N")) | I14: =IF($B14="","",IF($R14,$I13+1,$I13)) | J14: =IF($B14="","",IF($R14,1,IF($Q14,$J13+1,$J13))) | K14: =IF($B14="","",IF($R14,0,IF($Q14,0,$M13))) | L14: =IF($B14="","",IF($R14,0,IF($Q14,$L13+$N13,$L13))) | M14: =IF($B14="","",$K14+$F14) | N14: =IF($B14="","",IF($R14,$G14,IF($Q14,$G14,MAX($N13,$G14)))) | O14: =IF($B14="","",Inputs!$B$15-$M13) | P14: =IF($B14="","",IF($F14<=$O14,TRUE,FALSE)) | Q14: =IF($B14="","",NOT($P14)) | R14: =IF($B14="","",IF($Q14,($L13+$N13+$G14)>Inputs!$B$16,FALSE)) | S14: =IF($B14="","",IF(OR($F14>Inputs!$B$15,$G14>Inputs!$B$16),"TOO BIG",IF($R14,"NEW SHEET",IF($Q14,"NEW ROW","OK"))))
A15: 9 | B15: =IF(SortedPieces!$B11="","",SortedPieces!$B11) | C15: =IF(SortedPieces!$C11="","",SortedPieces!$C11) | D15: =IF(SortedPieces!$D11="","",SortedPieces!$D11) | E15: =IF(SortedPieces!$E11="","",SortedPieces!$E11) | F15: =IF($B15="","",IF($C15<=$O15,$C15,IF(AND($E15="Y",$D15<=$O15),$D15,IF(AND($E15="Y",$D15<=Inputs!$B$15,$C15<=Inputs!$B$15),IF($C15<$D15,$D15,$C15),IF(AND($E15="Y",$D15<=Inputs!$B$15),$D15,$C15))))) | G15: =IF($B15="","",IF($C15<=$O15,$D15,IF(AND($E15="Y",$D15<=$O15),$C15,IF(AND($E15="Y",$D15<=Inputs!$B$15,$C15<=Inputs!$B$15),IF($C15<$D15,$C15,$D15),IF(AND($E15="Y",$D15<=Inputs!$B$15),$C15,$D15))))) | H15: =IF($B15="","",IF(AND($E15="Y",$F15=$D15,$G15=$C15),"Y","N")) | I15: =IF($B15="","",IF($R15,$I14+1,$I14)) | J15: =IF($B15="","",IF($R15,1,IF($Q15,$J14+1,$J14))) | K15: =IF($B15="","",IF($R15,0,IF($Q15,0,$M14))) | L15: =IF($B15="","",IF($R15,0,IF($Q15,$L14+$N14,$L14))) | M15: =IF($B15="","",$K15+$F15) | N15: =IF($B15="","",IF($R15,$G15,IF($Q15,$G15,MAX($N14,$G15)))) | O15: =IF($B15="","",Inputs!$B$15-$M14) | P15: =IF($B15="","",IF($F15<=$O15,TRUE,FALSE)) | Q15: =IF($B15="","",NOT($P15)) | R15: =IF($B15="","",IF($Q15,($L14+$N14+$G15)>Inputs!$B$16,FALSE)) | S15: =IF($B15="","",IF(OR($F15>Inputs!$B$15,$G15>Inputs!$B$16),"TOO BIG",IF($R15,"NEW SHEET",IF($Q15,"NEW ROW","OK"))))
A16: 10 | B16: =IF(SortedPieces!$B12="","",SortedPieces!$B12) | C16: =IF(SortedPieces!$C12="","",SortedPieces!$C12) | D16: =IF(SortedPieces!$D12="","",SortedPieces!$D12) | E16: =IF(SortedPieces!$E12="","",SortedPieces!$E12) | F16: =IF($B16="","",IF($C16<=$O16,$C16,IF(AND($E16="Y",$D16<=$O16),$D16,IF(AND($E16="Y",$D16<=Inputs!$B$15,$C16<=Inputs!$B$15),IF($C16<$D16,$D16,$C16),IF(AND($E16="Y",$D16<=Inputs!$B$15),$D16,$C16))))) | G16: =IF($B16="","",IF($C16<=$O16,$D16,IF(AND($E16="Y",$D16<=$O16),$C16,IF(AND($E16="Y",$D16<=Inputs!$B$15,$C16<=Inputs!$B$15),IF($C16<$D16,$C16,$D16),IF(AND($E16="Y",$D16<=Inputs!$B$15),$C16,$D16))))) | H16: =IF($B16="","",IF(AND($E16="Y",$F16=$D16,$G16=$C16),"Y","N")) | I16: =IF($B16="","",IF($R16,$I15+1,$I15)) | J16: =IF($B16="","",IF($R16,1,IF($Q16,$J15+1,$J15))) | K16: =IF($B16="","",IF($R16,0,IF($Q16,0,$M15))) | L16: =IF($B16="","",IF($R16,0,IF($Q16,$L15+$N15,$L15))) | M16: =IF($B16="","",$K16+$F16) | N16: =IF($B16="","",IF($R16,$G16,IF($Q16,$G16,MAX($N15,$G16)))) | O16: =IF($B16="","",Inputs!$B$15-$M15) | P16: =IF($B16="","",IF($F16<=$O16,TRUE,FALSE)) | Q16: =IF($B16="","",NOT($P16)) | R16: =IF($B16="","",IF($Q16,($L15+$N15+$G16)>Inputs!$B$16,FALSE)) | S16: =IF($B16="","",IF(OR($F16>Inputs!$B$15,$G16>Inputs!$B$16),"TOO BIG",IF($R16,"NEW SHEET",IF($Q16,"NEW ROW","OK"))))
A17: 11 | B17: =IF(SortedPieces!$B13="","",SortedPieces!$B13) | C17: =IF(SortedPieces!$C13="","",SortedPieces!$C13) | D17: =IF(SortedPieces!$D13="","",SortedPieces!$D13) | E17: =IF(SortedPieces!$E13="","",SortedPieces!$E13) | F17: =IF($B17="","",IF($C17<=$O17,$C17,IF(AND($E17="Y",$D17<=$O17),$D17,IF(AND($E17="Y",$D17<=Inputs!$B$15,$C17<=Inputs!$B$15),IF($C17<$D17,$D17,$C17),IF(AND($E17="Y",$D17<=Inputs!$B$15),$D17,$C17))))) | G17: =IF($B17="","",IF($C17<=$O17,$D17,IF(AND($E17="Y",$D17<=$O17),$C17,IF(AND($E17="Y",$D17<=Inputs!$B$15,$C17<=Inputs!$B$15),IF($C17<$D17,$C17,$D17),IF(AND($E17="Y",$D17<=Inputs!$B$15),$C17,$D17))))) | H17: =IF($B17="","",IF(AND($E17="Y",$F17=$D17,$G17=$C17),"Y","N")) | I17: =IF($B17="","",IF($R17,$I16+1,$I16)) | J17: =IF($B17="","",IF($R17,1,IF($Q17,$J16+1,$J16))) | K17: =IF($B17="","",IF($R17,0,IF($Q17,0,$M16))) | L17: =IF($B17="","",IF($R17,0,IF($Q17,$L16+$N16,$L16))) | M17: =IF($B17="","",$K17+$F17) | N17: =IF($B17="","",IF($R17,$G17,IF($Q17,$G17,MAX($N16,$G17)))) | O17: =IF($B17="","",Inputs!$B$15-$M16) | P17: =IF($B17="","",IF($F17<=$O17,TRUE,FALSE)) | Q17: =IF($B17="","",NOT($P17)) | R17: =IF($B17="","",IF($Q17,($L16+$N16+$G17)>Inputs!$B$16,FALSE)) | S17: =IF($B17="","",IF(OR($F17>Inputs!$B$15,$G17>Inputs!$B$16),"TOO BIG",IF($R17,"NEW SHEET",IF($Q17,"NEW ROW","OK"))))
A18: 12 | B18: =IF(SortedPieces!$B14="","",SortedPieces!$B14) | C18: =IF(SortedPieces!$C14="","",SortedPieces!$C14) | D18: =IF(SortedPieces!$D14="","",SortedPieces!$D14) | E18: =IF(SortedPieces!$E14="","",SortedPieces!$E14) | F18: =IF($B18="","",IF($C18<=$O18,$C18,IF(AND($E18="Y",$D18<=$O18),$D18,IF(AND($E18="Y",$D18<=Inputs!$B$15,$C18<=Inputs!$B$15),IF($C18<$D18,$D18,$C18),IF(AND($E18="Y",$D18<=Inputs!$B$15),$D18,$C18))))) | G18: =IF($B18="","",IF($C18<=$O18,$D18,IF(AND($E18="Y",$D18<=$O18),$C18,IF(AND($E18="Y",$D18<=Inputs!$B$15,$C18<=Inputs!$B$15),IF($C18<$D18,$C18,$D18),IF(AND($E18="Y",$D18<=Inputs!$B$15),$C18,$D18))))) | H18: =IF($B18="","",IF(AND($E18="Y",$F18=$D18,$G18=$C18),"Y","N")) | I18: =IF($B18="","",IF($R18,$I17+1,$I17)) | J18: =IF($B18="","",IF($R18,1,IF($Q18,$J17+1,$J17))) | K18: =IF($B18="","",IF($R18,0,IF($Q18,0,$M17))) | L18: =IF($B18="","",IF($R18,0,IF($Q18,$L17+$N17,$L17))) | M18: =IF($B18="","",$K18+$F18) | N18: =IF($B18="","",IF($R18,$G18,IF($Q18,$G18,MAX($N17,$G18)))) | O18: =IF($B18="","",Inputs!$B$15-$M17) | P18: =IF($B18="","",IF($F18<=$O18,TRUE,FALSE)) | Q18: =IF($B18="","",NOT($P18)) | R18: =IF($B18="","",IF($Q18,($L17+$N17+$G18)>Inputs!$B$16,FALSE)) | S18: =IF($B18="","",IF(OR($F18>Inputs!$B$15,$G18>Inputs!$B$16),"TOO BIG",IF($R18,"NEW SHEET",IF($Q18,"NEW ROW","OK"))))
A19: 13 | B19: =IF(SortedPieces!$B15="","",SortedPieces!$B15) | C19: =IF(SortedPieces!$C15="","",SortedPieces!$C15) | D19: =IF(SortedPieces!$D15="","",SortedPieces!$D15) | E19: =IF(SortedPieces!$E15="","",SortedPieces!$E15) | F19: =IF($B19="","",IF($C19<=$O19,$C19,IF(AND($E19="Y",$D19<=$O19),$D19,IF(AND($E19="Y",$D19<=Inputs!$B$15,$C19<=Inputs!$B$15),IF($C19<$D19,$D19,$C19),IF(AND($E19="Y",$D19<=Inputs!$B$15),$D19,$C19))))) | G19: =IF($B19="","",IF($C19<=$O19,$D19,IF(AND($E19="Y",$D19<=$O19),$C19,IF(AND($E19="Y",$D19<=Inputs!$B$15,$C19<=Inputs!$B$15),IF($C19<$D19,$C19,$D19),IF(AND($E19="Y",$D19<=Inputs!$B$15),$C19,$D19))))) | H19: =IF($B19="","",IF(AND($E19="Y",$F19=$D19,$G19=$C19),"Y","N")) | I19: =IF($B19="","",IF($R19,$I18+1,$I18)) | J19: =IF($B19="","",IF($R19,1,IF($Q19,$J18+1,$J18))) | K19: =IF($B19="","",IF($R19,0,IF($Q19,0,$M18))) | L19: =IF($B19="","",IF($R19,0,IF($Q19,$L18+$N18,$L18))) | M19: =IF($B19="","",$K19+$F19) | N19: =IF($B19="","",IF($R19,$G19,IF($Q19,$G19,MAX($N18,$G19)))) | O19: =IF($B19="","",Inputs!$B$15-$M18) | P19: =IF($B19="","",IF($F19<=$O19,TRUE,FALSE)) | Q19: =IF($B19="","",NOT($P19)) | R19: =IF($B19="","",IF($Q19,($L18+$N18+$G19)>Inputs!$B$16,FALSE)) | S19: =IF($B19="","",IF(OR($F19>Inputs!$B$15,$G19>Inputs!$B$16),"TOO BIG",IF($R19,"NEW SHEET",IF($Q19,"NEW ROW","OK"))))
A20: 14 | B20: =IF(SortedPieces!$B16="","",SortedPieces!$B16) | C20: =IF(SortedPieces!$C16="","",SortedPieces!$C16) | D20: =IF(SortedPieces!$D16="","",SortedPieces!$D16) | E20: =IF(SortedPieces!$E16="","",SortedPieces!$E16) | F20: =IF($B20="","",IF($C20<=$O20,$C20,IF(AND($E20="Y",$D20<=$O20),$D20,IF(AND($E20="Y",$D20<=Inputs!$B$15,$C20<=Inputs!$B$15),IF($C20<$D20,$D20,$C20),IF(AND($E20="Y",$D20<=Inputs!$B$15),$D20,$C20))))) | G20: =IF($B20="","",IF($C20<=$O20,$D20,IF(AND($E20="Y",$D20<=$O20),$C20,IF(AND($E20="Y",$D20<=Inputs!$B$15,$C20<=Inputs!$B$15),IF($C20<$D20,$C20,$D20),IF(AND($E20="Y",$D20<=Inputs!$B$15),$C20,$D20))))) | H20: =IF($B20="","",IF(AND($E20="Y",$F20=$D20,$G20=$C20),"Y","N")) | I20: =IF($B20="","",IF($R20,$I19+1,$I19)) | J20: =IF($B20="","",IF($R20,1,IF($Q20,$J19+1,$J19))) | K20: =IF($B20="","",IF($R20,0,IF($Q20,0,$M19))) | L20: =IF($B20="","",IF($R20,0,IF($Q20,$L19+$N19,$L19))) | M20: =IF($B20="","",$K20+$F20) | N20: =IF($B20="","",IF($R20,$G20,IF($Q20,$G20,MAX($N19,$G20)))) | O20: =IF($B20="","",Inputs!$B$15-$M19) | P20: =IF($B20="","",IF($F20<=$O20,TRUE,FALSE)) | Q20: =IF($B20="","",NOT($P20)) | R20: =IF($B20="","",IF($Q20,($L19+$N19+$G20)>Inputs!$B$16,FALSE)) | S20: =IF($B20="","",IF(OR($F20>Inputs!$B$15,$G20>Inputs!$B$16),"TOO BIG",IF($R20,"NEW SHEET",IF($Q20,"NEW ROW","OK"))))
A21: 15 | B21: =IF(SortedPieces!$B17="","",SortedPieces!$B17) | C21: =IF(SortedPieces!$C17="","",SortedPieces!$C17) | D21: =IF(SortedPieces!$D17="","",SortedPieces!$D17) | E21: =IF(SortedPieces!$E17="","",SortedPieces!$E17) | F21: =IF($B21="","",IF($C21<=$O21,$C21,IF(AND($E21="Y",$D21<=$O21),$D21,IF(AND($E21="Y",$D21<=Inputs!$B$15,$C21<=Inputs!$B$15),IF($C21<$D21,$D21,$C21),IF(AND($E21="Y",$D21<=Inputs!$B$15),$D21,$C21))))) | G21: =IF($B21="","",IF($C21<=$O21,$D21,IF(AND($E21="Y",$D21<=$O21),$C21,IF(AND($E21="Y",$D21<=Inputs!$B$15,$C21<=Inputs!$B$15),IF($C21<$D21,$C21,$D21),IF(AND($E21="Y",$D21<=Inputs!$B$15),$C21,$D21))))) | H21: =IF($B21="","",IF(AND($E21="Y",$F21=$D21,$G21=$C21),"Y","N")) | I21: =IF($B21="","",IF($R21,$I20+1,$I20)) | J21: =IF($B21="","",IF($R21,1,IF($Q21,$J20+1,$J20))) | K21: =IF($B21="","",IF($R21,0,IF($Q21,0,$M20))) | L21: =IF($B21="","",IF($R21,0,IF($Q21,$L20+$N20,$L20))) | M21: =IF($B21="","",$K21+$F21) | N21: =IF($B21="","",IF($R21,$G21,IF($Q21,$G21,MAX($N20,$G21)))) | O21: =IF($B21="","",Inputs!$B$15-$M20) | P21: =IF($B21="","",IF($F21<=$O21,TRUE,FALSE)) | Q21: =IF($B21="","",NOT($P21)) | R21: =IF($B21="","",IF($Q21,($L20+$N20+$G21)>Inputs!$B$16,FALSE)) | S21: =IF($B21="","",IF(OR($F21>Inputs!$B$15,$G21>Inputs!$B$16),"TOO BIG",IF($R21,"NEW SHEET",IF($Q21,"NEW ROW","OK"))))
A22: 16 | B22: =IF(SortedPieces!$B18="","",SortedPieces!$B18) | C22: =IF(SortedPieces!$C18="","",SortedPieces!$C18) | D22: =IF(SortedPieces!$D18="","",SortedPieces!$D18) | E22: =IF(SortedPieces!$E18="","",SortedPieces!$E18) | F22: =IF($B22="","",IF($C22<=$O22,$C22,IF(AND($E22="Y",$D22<=$O22),$D22,IF(AND($E22="Y",$D22<=Inputs!$B$15,$C22<=Inputs!$B$15),IF($C22<$D22,$D22,$C22),IF(AND($E22="Y",$D22<=Inputs!$B$15),$D22,$C22))))) | G22: =IF($B22="","",IF($C22<=$O22,$D22,IF(AND($E22="Y",$D22<=$O22),$C22,IF(AND($E22="Y",$D22<=Inputs!$B$15,$C22<=Inputs!$B$15),IF($C22<$D22,$C22,$D22),IF(AND($E22="Y",$D22<=Inputs!$B$15),$C22,$D22))))) | H22: =IF($B22="","",IF(AND($E22="Y",$F22=$D22,$G22=$C22),"Y","N")) | I22: =IF($B22="","",IF($R22,$I21+1,$I21)) | J22: =IF($B22="","",IF($R22,1,IF($Q22,$J21+1,$J21))) | K22: =IF($B22="","",IF($R22,0,IF($Q22,0,$M21))) | L22: =IF($B22="","",IF($R22,0,IF($Q22,$L21+$N21,$L21))) | M22: =IF($B22="","",$K22+$F22) | N22: =IF($B22="","",IF($R22,$G22,IF($Q22,$G22,MAX($N21,$G22)))) | O22: =IF($B22="","",Inputs!$B$15-$M21) | P22: =IF($B22="","",IF($F22<=$O22,TRUE,FALSE)) | Q22: =IF($B22="","",NOT($P22)) | R22: =IF($B22="","",IF($Q22,($L21+$N21+$G22)>Inputs!$B$16,FALSE)) | S22: =IF($B22="","",IF(OR($F22>Inputs!$B$15,$G22>Inputs!$B$16),"TOO BIG",IF($R22,"NEW SHEET",IF($Q22,"NEW ROW","OK"))))
A23: 17 | B23: =IF(SortedPieces!$B19="","",SortedPieces!$B19) | C23: =IF(SortedPieces!$C19="","",SortedPieces!$C19) | D23: =IF(SortedPieces!$D19="","",SortedPieces!$D19) | E23: =IF(SortedPieces!$E19="","",SortedPieces!$E19) | F23: =IF($B23="","",IF($C23<=$O23,$C23,IF(AND($E23="Y",$D23<=$O23),$D23,IF(AND($E23="Y",$D23<=Inputs!$B$15,$C23<=Inputs!$B$15),IF($C23<$D23,$D23,$C23),IF(AND($E23="Y",$D23<=Inputs!$B$15),$D23,$C23))))) | G23: =IF($B23="","",IF($C23<=$O23,$D23,IF(AND($E23="Y",$D23<=$O23),$C23,IF(AND($E23="Y",$D23<=Inputs!$B$15,$C23<=Inputs!$B$15),IF($C23<$D23,$C23,$D23),IF(AND($E23="Y",$D23<=Inputs!$B$15),$C23,$D23))))) | H23: =IF($B23="","",IF(AND($E23="Y",$F23=$D23,$G23=$C23),"Y","N")) | I23: =IF($B23="","",IF($R23,$I22+1,$I22)) | J23: =IF($B23="","",IF($R23,1,IF($Q23,$J22+1,$J22))) | K23: =IF($B23="","",IF($R23,0,IF($Q23,0,$M22))) | L23: =IF($B23="","",IF($R23,0,IF($Q23,$L22+$N22,$L22))) | M23: =IF($B23="","",$K23+$F23) | N23: =IF($B23="","",IF($R23,$G23,IF($Q23,$G23,MAX($N22,$G23)))) | O23: =IF($B23="","",Inputs!$B$15-$M22) | P23: =IF($B23="","",IF($F23<=$O23,TRUE,FALSE)) | Q23: =IF($B23="","",NOT($P23)) | R23: =IF($B23="","",IF($Q23,($L22+$N22+$G23)>Inputs!$B$16,FALSE)) | S23: =IF($B23="","",IF(OR($F23>Inputs!$B$15,$G23>Inputs!$B$16),"TOO BIG",IF($R23,"NEW SHEET",IF($Q23,"NEW ROW","OK"))))
A24: 18 | B24: =IF(SortedPieces!$B20="","",SortedPieces!$B20) | C24: =IF(SortedPieces!$C20="","",SortedPieces!$C20) | D24: =IF(SortedPieces!$D20="","",SortedPieces!$D20) | E24: =IF(SortedPieces!$E20="","",SortedPieces!$E20) | F24: =IF($B24="","",IF($C24<=$O24,$C24,IF(AND($E24="Y",$D24<=$O24),$D24,IF(AND($E24="Y",$D24<=Inputs!$B$15,$C24<=Inputs!$B$15),IF($C24<$D24,$D24,$C24),IF(AND($E24="Y",$D24<=Inputs!$B$15),$D24,$C24))))) | G24: =IF($B24="","",IF($C24<=$O24,$D24,IF(AND($E24="Y",$D24<=$O24),$C24,IF(AND($E24="Y",$D24<=Inputs!$B$15,$C24<=Inputs!$B$15),IF($C24<$D24,$C24,$D24),IF(AND($E24="Y",$D24<=Inputs!$B$15),$C24,$D24))))) | H24: =IF($B24="","",IF(AND($E24="Y",$F24=$D24,$G24=$C24),"Y","N")) | I24: =IF($B24="","",IF($R24,$I23+1,$I23)) | J24: =IF($B24="","",IF($R24,1,IF($Q24,$J23+1,$J23))) | K24: =IF($B24="","",IF($R24,0,IF($Q24,0,$M23))) | L24: =IF($B24="","",IF($R24,0,IF($Q24,$L23+$N23,$L23))) | M24: =IF($B24="","",$K24+$F24) | N24: =IF($B24="","",IF($R24,$G24,IF($Q24,$G24,MAX($N23,$G24)))) | O24: =IF($B24="","",Inputs!$B$15-$M23) | P24: =IF($B24="","",IF($F24<=$O24,TRUE,FALSE)) | Q24: =IF($B24="","",NOT($P24)) | R24: =IF($B24="","",IF($Q24,($L23+$N23+$G24)>Inputs!$B$16,FALSE)) | S24: =IF($B24="","",IF(OR($F24>Inputs!$B$15,$G24>Inputs!$B$16),"TOO BIG",IF($R24,"NEW SHEET",IF($Q24,"NEW ROW","OK"))))
A25: 19 | B25: =IF(SortedPieces!$B21="","",SortedPieces!$B21) | C25: =IF(SortedPieces!$C21="","",SortedPieces!$C21) | D25: =IF(SortedPieces!$D21="","",SortedPieces!$D21) | E25: =IF(SortedPieces!$E21="","",SortedPieces!$E21) | F25: =IF($B25="","",IF($C25<=$O25,$C25,IF(AND($E25="Y",$D25<=$O25),$D25,IF(AND($E25="Y",$D25<=Inputs!$B$15,$C25<=Inputs!$B$15),IF($C25<$D25,$D25,$C25),IF(AND($E25="Y",$D25<=Inputs!$B$15),$D25,$C25))))) | G25: =IF($B25="","",IF($C25<=$O25,$D25,IF(AND($E25="Y",$D25<=$O25),$C25,IF(AND($E25="Y",$D25<=Inputs!$B$15,$C25<=Inputs!$B$15),IF($C25<$D25,$C25,$D25),IF(AND($E25="Y",$D25<=Inputs!$B$15),$C25,$D25))))) | H25: =IF($B25="","",IF(AND($E25="Y",$F25=$D25,$G25=$C25),"Y","N")) | I25: =IF($B25="","",IF($R25,$I24+1,$I24)) | J25: =IF($B25="","",IF($R25,1,IF($Q25,$J24+1,$J24))) | K25: =IF($B25="","",IF($R25,0,IF($Q25,0,$M24))) | L25: =IF($B25="","",IF($R25,0,IF($Q25,$L24+$N24,$L24))) | M25: =IF($B25="","",$K25+$F25) | N25: =IF($B25="","",IF($R25,$G25,IF($Q25,$G25,MAX($N24,$G25)))) | O25: =IF($B25="","",Inputs!$B$15-$M24) | P25: =IF($B25="","",IF($F25<=$O25,TRUE,FALSE)) | Q25: =IF($B25="","",NOT($P25)) | R25: =IF($B25="","",IF($Q25,($L24+$N24+$G25)>Inputs!$B$16,FALSE)) | S25: =IF($B25="","",IF(OR($F25>Inputs!$B$15,$G25>Inputs!$B$16),"TOO BIG",IF($R25,"NEW SHEET",IF($Q25,"NEW ROW","OK"))))
... A406: 400 | B406: =IF(SortedPieces!$B402="","",SortedPieces!$B402) | C406: =IF(SortedPieces!$C402="","",SortedPieces!$C402) | D406: =IF(SortedPieces!$D402="","",SortedPieces!$D402) | E406: =IF(SortedPieces!$E402="","",SortedPieces!$E402) | F406: =IF($B406="","",IF($C406<=$O406,$C406,IF(AND($E406="Y",$D406<=$O406),$D406,IF(AND($E406="Y",$D406<=Inputs!$B$15,$C406<=Inputs!$B$15),IF($C406<$D406,$D406,$C406),IF(AND($E406="Y",$D406<=Inputs!$B$15),$D406,$C406))))) | G406: =IF($B406="","",IF($C406<=$O406,$D406,IF(AND($E406="Y",$D406<=$O406),$C406,IF(AND($E406="Y",$D406<=Inputs!$B$15,$C406<=Inputs!$B$15),IF($C406<$D406,$C406,$D406),IF(AND($E406="Y",$D406<=Inputs!$B$15),$C406,$D406))))) | H406: =IF($B406="","",IF(AND($E406="Y",$F406=$D406,$G406=$C406),"Y","N")) | I406: =IF($B406="","",IF($R406,$I405+1,$I405)) | J406: =IF($B406="","",IF($R406,1,IF($Q406,$J405+1,$J405))) | K406: =IF($B406="","",IF($R406,0,IF($Q406,0,$M405))) | L406: =IF($B406="","",IF($R406,0,IF($Q406,$L405+$N405,$L405))) | M406: =IF($B406="","",$K406+$F406) | N406: =IF($B406="","",IF($R406,$G406,IF($Q406,$G406,MAX($N405,$G406)))) | O406: =IF($B406="","",Inputs!$B$15-$M405) | P406: =IF($B406="","",IF($F406<=$O406,TRUE,FALSE)) | Q406: =IF($B406="","",NOT($P406)) | R406: =IF($B406="","",IF($Q406,($L405+$N405+$G406)>Inputs!$B$16,FALSE)) | S406: =IF($B406="","",IF(OR($F406>Inputs!$B$15,$G406>Inputs!$B$16),"TOO BIG",IF($R406,"NEW SHEET",IF($Q406,"NEW ROW","OK"))))
A407: {=IF(INDIRECT("R[-1]C",0)="","",INDIRECT("R[-1]C",0) & " NOS")} -> 400 NOS

Sheet GLASS SPECIFICATIONS
A1: GLASS SPECIFICATIONS
A2: 8.38MM CLEAR LAMINATED GLASS
A3: 6.38MM CLEAR LAMINATED GLASS
A4: 8MM CLEAR FLOAT GLASS
A5: 6.38MM MILKY LAMINATED GLASS
A6: 8.38MM MILKY LAMINATED GLASS
A7: 5MM BRONZE TINTED FLOAT GLASS
A8: 6.38MM BRONZE TINTED LAMINATED GLASS
A9: 8.38MM BRONZE ONEWAY LAMINATED GLASS
A10: 8.38MM GREY TINTED LAMINATED GLASS
